Movie ID,Toy Story (1995),Genres,Number of Ratings,Rating Level,Release Year,Duration,Popularity,Director,Main Cast,Budget/Revenue,Recommended
1,Jumanji (1995),Sci-Fi,400-600,Medium,New,Short,High,Quentin Tarantino,Tom Hanks,High,Yes
2,Grumpier Old Men (1995),Action,400-600,Medium,New,Long,High,Quentin Tarantino,Tom Hanks,High,Yes
3,Waiting to Exhale (1995),Horror,400-600,High,New,Long,Low,Steven Spielberg,Tom Hanks,Medium,No
4,Father of the Bride Part II (1995),Romance,>600,High,Old,Short,Low,Steven Spielberg,Denzel Washington,Medium,No
5,Heat (1995),Drama,<400,Medium,Old,Medium,Low,Martin Scorsese,Denzel Washington,Medium,Yes
6,Sabrina (1995),Fantasy,>600,High,Old,Short,High,James Cameron,Tom Hanks,High,No
7,Tom and Huck (1995),Sci-Fi,>600,Medium,New,Medium,High,Martin Scorsese,Tom Hanks,Medium,Yes
8,Sudden Death (1995),Fantasy,>600,Medium,Old,Short,Medium,Christopher Nolan,Leonardo DiCaprio,Medium,No
9,GoldenEye (1995),Sci-Fi,<400,Low,Old,Long,High,Steven Spielberg,Scarlett Johansson,Medium,No
10,American President,Sci-Fi,400-600,Medium,New,Medium,Medium,Christopher Nolan,Leonardo DiCaprio,High,Yes
11,Dracula,Action,>600,High,Old,Long,High,Christopher Nolan,Tom Hanks,Medium,Yes
12,Balto (1995),Romance,400-600,Medium,Old,Long,Low,James Cameron,Unknown,High,No
13,Nixon (1995),Horror,<400,High,New,Short,High,Martin Scorsese,Denzel Washington,Medium,Yes
14,Cutthroat Island (1995),Drama,>600,Low,New,Long,High,Unknown,Meryl Streep,High,Yes
15,Casino (1995),Sci-Fi,<400,High,New,Medium,Low,Quentin Tarantino,Denzel Washington,Low,Yes
16,Sense and Sensibility (1995),Fantasy,>600,High,New,Long,High,Christopher Nolan,Denzel Washington,High,Yes
17,Four Rooms (1995),Fantasy,>600,High,New,Short,High,Christopher Nolan,Unknown,High,Yes
18,Ace Ventura,Romance,>600,Medium,New,Short,High,Christopher Nolan,Unknown,Low,No
19,Money Train (1995),Romance,>600,High,New,Medium,High,Christopher Nolan,Denzel Washington,Medium,No
20,Get Shorty (1995),Comedy,<400,Medium,New,Short,Medium,Quentin Tarantino,Meryl Streep,High,No
21,Copycat (1995),Sci-Fi,>600,Low,Old,Long,High,Martin Scorsese,Tom Hanks,High,No
22,Assassins (1995),Action,400-600,Low,Old,Medium,Low,Unknown,Tom Hanks,Medium,No
23,Powder (1995),Romance,>600,Low,Old,Medium,Medium,James Cameron,Tom Hanks,Medium,Yes
24,Leaving Las Vegas (1995),Horror,>600,Medium,Old,Medium,High,Unknown,Unknown,Medium,Yes
25,Othello (1995),Comedy,>600,High,Old,Medium,Medium,Christopher Nolan,Denzel Washington,Medium,Yes
26,Now and Then (1995),Romance,<400,High,Old,Medium,High,Steven Spielberg,Scarlett Johansson,Medium,Yes
27,Persuasion (1995),Sci-Fi,>600,Low,Old,Long,High,Quentin Tarantino,Unknown,Low,Yes
28,City of Lost Children,Sci-Fi,<400,High,Old,Medium,High,Unknown,Scarlett Johansson,High,No
29,Shanghai Triad (Yao a yao yao dao waipo qiao) (1995),Romance,>600,Low,New,Medium,High,James Cameron,Leonardo DiCaprio,Low,Yes
30,Dangerous Minds (1995),Fantasy,400-600,Low,New,Short,Medium,Steven Spielberg,Scarlett Johansson,Medium,No
31,12 Monkeys (Twelve Monkeys) (1995),Fantasy,400-600,Medium,New,Medium,High,Unknown,Denzel Washington,High,No
32,Wings of Courage (1995),Horror,<400,Medium,New,Short,High,Steven Spielberg,Tom Hanks,Low,No
33,Babe (1995),Comedy,400-600,High,Old,Long,High,Steven Spielberg,Scarlett Johansson,High,Yes
34,Carrington (1995),Fantasy,>600,Low,New,Long,Medium,Christopher Nolan,Unknown,Low,No
35,Dead Man Walking (1995),Sci-Fi,<400,High,Old,Long,Medium,Martin Scorsese,Meryl Streep,Medium,Yes
36,Across the Sea of Time (1995),Comedy,400-600,High,New,Long,Low,Christopher Nolan,Meryl Streep,Low,Yes
37,It Takes Two (1995),Action,<400,Medium,New,Short,High,Unknown,Unknown,Medium,No
38,Clueless (1995),Romance,<400,Medium,New,Medium,Low,Steven Spielberg,Tom Hanks,Low,No
39, the Beloved Country (1995),Sci-Fi,>600,High,New,Short,Low,James Cameron,Scarlett Johansson,Low,No
40,Richard III (1995),Action,<400,Medium,Old,Long,Medium,Christopher Nolan,Unknown,Medium,No
41,Dead Presidents (1995),Comedy,<400,High,Old,Short,Low,James Cameron,Denzel Washington,Low,Yes
42,Restoration (1995),Action,400-600,Low,Old,Long,Low,Christopher Nolan,Denzel Washington,High,Yes
43,Mortal Kombat (1995),Horror,>600,High,New,Medium,High,Martin Scorsese,Scarlett Johansson,Medium,Yes
44,To Die For (1995),Drama,<400,High,Old,Long,Low,Martin Scorsese,Leonardo DiCaprio,High,No
45,How to Make an American Quilt (1995),Horror,400-600,Low,Old,Medium,Low,Christopher Nolan,Leonardo DiCaprio,High,Yes
46,Seven (a.k.a. Se7en) (1995),Comedy,>600,High,New,Medium,Medium,Christopher Nolan,Meryl Streep,High,Yes
47,Pocahontas (1995),Horror,400-600,Medium,Old,Short,Low,Unknown,Tom Hanks,High,Yes
48,When Night Is Falling (1995),Sci-Fi,>600,Low,Old,Short,Medium,Martin Scorsese,Meryl Streep,High,Yes
49,Usual Suspects,Comedy,<400,Medium,Old,Short,High,James Cameron,Tom Hanks,Low,Yes
50,Guardian Angel (1994),Horror,>600,Low,New,Short,Medium,Martin Scorsese,Tom Hanks,Low,No
51,Mighty Aphrodite (1995),Romance,>600,High,New,Medium,Low,Christopher Nolan,Unknown,Low,Yes
52,Lamerica (1994),Fantasy,>600,Medium,Old,Medium,Low,James Cameron,Tom Hanks,Medium,Yes
53,Big Green,Romance,<400,High,New,Long,High,Christopher Nolan,Unknown,Medium,Yes
54,Georgia (1995),Horror,<400,Medium,New,Medium,Medium,Quentin Tarantino,Tom Hanks,Low,No
55,Kids of the Round Table (1995),Fantasy,<400,Medium,Old,Short,Low,Christopher Nolan,Denzel Washington,Low,No
56,Home for the Holidays (1995),Fantasy,>600,Medium,Old,Medium,High,Martin Scorsese,Unknown,Medium,Yes
57,Postman,Sci-Fi,>600,Low,New,Long,Low,Steven Spielberg,Scarlett Johansson,Medium,Yes
58,Confessional,Sci-Fi,>600,Medium,New,Short,Medium,Martin Scorsese,Tom Hanks,High,Yes
59,Indian in the Cupboard,Action,400-600,Medium,Old,Short,Medium,Martin Scorsese,Scarlett Johansson,Low,No
60,Eye for an Eye (1996),Sci-Fi,<400,Low,Old,Medium,Low,Unknown,Tom Hanks,Low,Yes
61,Mr. Holland's Opus (1995),Comedy,<400,High,New,Medium,High,James Cameron,Unknown,Medium,Yes
62,Don't Be a Menace to South Central While Drinking Your Juice in the Hood (1996),Romance,>600,Medium,Old,Long,High,Unknown,Denzel Washington,Medium,No
63,Two if by Sea (1996),Comedy,>600,High,Old,Short,High,Unknown,Denzel Washington,Low,Yes
64,Bio-Dome (1996),Romance,<400,High,Old,Medium,High,Unknown,Scarlett Johansson,High,No
65,Lawnmower Man 2,Drama,400-600,Medium,Old,Long,Low,Quentin Tarantino,Scarlett Johansson,Medium,No
66,Two Bits (1995),Sci-Fi,400-600,Medium,Old,Short,High,James Cameron,Meryl Streep,High,Yes
67,French Twist (Gazon maudit) (1995),Horror,<400,Medium,Old,Short,High,Christopher Nolan,Meryl Streep,Low,Yes
68,Friday (1995),Romance,400-600,Low,Old,Medium,High,Steven Spielberg,Leonardo DiCaprio,High,No
69,From Dusk Till Dawn (1996),Horror,<400,Low,Old,Medium,Medium,Martin Scorsese,Meryl Streep,Low,No
70,Fair Game (1995),Drama,>600,Low,New,Short,Low,Steven Spielberg,Unknown,High,No
71,Kicking and Screaming (1995),Comedy,>600,High,New,Short,High,Steven Spielberg,Meryl Streep,Medium,No
72,Misérables,Horror,<400,Medium,Old,Long,High,Christopher Nolan,Unknown,Medium,Yes
73,Bed of Roses (1996),Romance,>600,Medium,New,Short,Medium,Christopher Nolan,Tom Hanks,Low,No
74,Big Bully (1996),Drama,>600,Low,Old,Medium,High,Steven Spielberg,Unknown,Medium,Yes
75,Screamers (1995),Romance,<400,Medium,Old,Short,High,Martin Scorsese,Unknown,High,No
76,Nico Icon (1995),Drama,<400,Medium,Old,Short,Low,Christopher Nolan,Unknown,High,No
77,Crossing Guard,Sci-Fi,>600,High,Old,Long,Medium,Martin Scorsese,Leonardo DiCaprio,High,Yes
78,Juror,Fantasy,>600,Medium,New,Medium,Medium,Christopher Nolan,Meryl Streep,Low,Yes
79,White Balloon,Fantasy,>600,Medium,Old,Long,Medium,Martin Scorsese,Meryl Streep,High,No
80,Things to Do in Denver When You're Dead (1995),Sci-Fi,<400,High,Old,Medium,High,Unknown,Scarlett Johansson,High,No
81,Antonia's Line (Antonia) (1995),Sci-Fi,<400,Low,New,Medium,Medium,Martin Scorsese,Leonardo DiCaprio,Medium,No
82,Once Upon a Time... When We Were Colored (1995),Sci-Fi,>600,High,Old,Medium,High,Quentin Tarantino,Leonardo DiCaprio,Low,Yes
83,Last Summer in the Hamptons (1995),Fantasy,<400,High,Old,Medium,Low,Christopher Nolan,Leonardo DiCaprio,High,Yes
84,Angels and Insects (1995),Sci-Fi,<400,Medium,New,Medium,Low,Unknown,Scarlett Johansson,High,Yes
85,White Squall (1996),Drama,<400,Medium,Old,Short,High,Unknown,Denzel Washington,Medium,Yes
86,Dunston Checks In (1996),Romance,400-600,Low,Old,Short,Medium,Quentin Tarantino,Leonardo DiCaprio,Low,Yes
87,Black Sheep (1996),Horror,>600,High,New,Long,Low,Steven Spielberg,Leonardo DiCaprio,Low,No
88,Nick of Time (1995),Comedy,>600,Low,New,Short,High,Martin Scorsese,Scarlett Johansson,Medium,No
89,Journey of August King,Comedy,>600,High,New,Long,Medium,Martin Scorsese,Denzel Washington,Medium,No
90,Mary Reilly (1996),Drama,<400,Medium,Old,Medium,Low,James Cameron,Leonardo DiCaprio,Medium,No
91,Vampire in Brooklyn (1995),Romance,<400,High,New,Short,High,Christopher Nolan,Leonardo DiCaprio,Medium,No
92,Beautiful Girls (1996),Drama,400-600,Medium,New,Medium,High,Steven Spielberg,Tom Hanks,Low,No
93,Broken Arrow (1996),Comedy,>600,Medium,Old,Long,High,Steven Spielberg,Denzel Washington,Low,Yes
94,In the Bleak Midwinter (1995),Drama,<400,Low,New,Short,High,Christopher Nolan,Meryl Streep,High,No
95,Hate (Haine,Fantasy,>600,Low,Old,Short,Medium,James Cameron,Leonardo DiCaprio,High,No
96,Shopping (1994),Drama,>600,High,Old,Long,High,James Cameron,Unknown,High,No
97,Heidi Fleiss,Sci-Fi,>600,High,New,Short,High,Christopher Nolan,Scarlett Johansson,Low,Yes
98,City Hall (1996),Comedy,<400,Medium,New,Long,High,Martin Scorsese,Tom Hanks,High,Yes
99,Bottle Rocket (1996),Sci-Fi,400-600,High,New,Long,High,Martin Scorsese,Meryl Streep,High,No
100,Mr. Wrong (1996),Sci-Fi,>600,Medium,Old,Short,Low,Unknown,Meryl Streep,Medium,Yes
101,Unforgettable (1996),Horror,<400,High,Old,Short,High,Steven Spielberg,Unknown,Low,Yes
102,Happy Gilmore (1996),Drama,>600,Low,Old,Long,Low,Christopher Nolan,Tom Hanks,Medium,Yes
103,Bridges of Madison County,Horror,<400,High,New,Medium,Medium,Martin Scorsese,Scarlett Johansson,High,Yes
104,Nobody Loves Me (Keiner liebt mich) (1994),Drama,<400,Low,New,Medium,Medium,James Cameron,Unknown,Low,No
105,Muppet Treasure Island (1996),Romance,<400,Medium,New,Short,Low,Christopher Nolan,Meryl Streep,Medium,Yes
106,Catwalk (1996),Fantasy,400-600,Medium,New,Short,High,Steven Spielberg,Meryl Streep,High,Yes
107,Headless Body in Topless Bar (1995),Sci-Fi,<400,Medium,Old,Medium,Low,Martin Scorsese,Denzel Washington,High,No
108,Braveheart (1995),Drama,<400,Medium,Old,Long,Low,Martin Scorsese,Meryl Streep,Low,No
109,Taxi Driver (1976),Drama,>600,Medium,New,Long,Low,James Cameron,Leonardo DiCaprio,Medium,Yes
110,Rumble in the Bronx (Hont faan kui) (1995),Action,<400,Medium,New,Medium,High,Martin Scorsese,Leonardo DiCaprio,High,No
111,Before and After (1996),Romance,400-600,Medium,Old,Short,High,Martin Scorsese,Unknown,High,No
112,Margaret's Museum (1995),Sci-Fi,>600,Low,New,Short,Low,James Cameron,Tom Hanks,Low,Yes
113,Happiness Is in the Field (Bonheur est dans le pré,Romance,400-600,Medium,Old,Short,Medium,James Cameron,Tom Hanks,Low,Yes
114,Anne Frank Remembered (1995),Horror,<400,Low,Old,Medium,Low,Steven Spielberg,Scarlett Johansson,Low,Yes
115,Young Poisoner's Handbook,Horror,<400,Medium,Old,Medium,Medium,Unknown,Scarlett Johansson,High,No
116,If Lucy Fell (1996),Fantasy,>600,Low,New,Medium,Medium,Christopher Nolan,Denzel Washington,High,No
117,Steal Big,Drama,<400,High,New,Long,High,Martin Scorsese,Tom Hanks,Medium,Yes
118,Race the Sun (1996),Fantasy,>600,Low,New,Long,Medium,Martin Scorsese,Denzel Washington,Medium,No
119,Boys of St. Vincent,Fantasy,<400,High,New,Long,Low,James Cameron,Scarlett Johansson,High,No
120,Boomerang (1992),Comedy,>600,Medium,New,Long,Low,Unknown,Meryl Streep,High,No
121,Chungking Express (Chóngqìng Senlín) (1994),Drama,400-600,High,New,Medium,High,Unknown,Unknown,High,Yes
122,Star Maker,Action,>600,High,New,Medium,Medium,Steven Spielberg,Denzel Washington,Low,Yes
123,Flirting With Disaster (1996),Drama,<400,Low,New,Long,Low,Martin Scorsese,Meryl Streep,Low,No
124,NeverEnding Story III,Sci-Fi,400-600,Low,Old,Short,Medium,Steven Spielberg,Denzel Washington,Medium,No
125,Silence of the Palace,Action,<400,Low,Old,Medium,Medium,Quentin Tarantino,Denzel Washington,Medium,No
126,Jupiter's Wife (1994),Drama,<400,Low,New,Medium,High,James Cameron,Scarlett Johansson,Medium,Yes
127,Pie in the Sky (1996),Horror,400-600,Medium,Old,Medium,Low,Unknown,Unknown,Low,Yes
128,Angela (1995),Sci-Fi,<400,High,Old,Short,Low,Martin Scorsese,Unknown,Low,Yes
129,Frankie Starlight (1995),Drama,>600,Low,New,Short,Low,Steven Spielberg,Unknown,Medium,No
130,Jade (1995),Sci-Fi,>600,Medium,Old,Medium,Medium,Christopher Nolan,Denzel Washington,Low,No
131,Nueba Yol (1995),Horror,<400,Medium,New,Short,High,Steven Spielberg,Scarlett Johansson,Medium,No
132,Sonic Outlaws (1995),Comedy,<400,Medium,New,Short,Low,Steven Spielberg,Denzel Washington,High,No
133,Down Periscope (1996),Comedy,<400,Medium,Old,Short,High,Quentin Tarantino,Unknown,High,Yes
134,From the Journals of Jean Seberg (1995),Fantasy,<400,High,Old,Long,High,Martin Scorsese,Unknown,Low,Yes
135,Man of the Year (1995),Romance,>600,Low,Old,Short,High,Unknown,Denzel Washington,High,No
136,Neon Bible,Drama,<400,High,Old,Short,Medium,Unknown,Tom Hanks,Medium,Yes
137,Target (1995),Romance,<400,High,Old,Long,Medium,Martin Scorsese,Tom Hanks,Medium,No
138,Up Close and Personal (1996),Sci-Fi,400-600,Medium,New,Short,High,James Cameron,Scarlett Johansson,Low,No
139,Birdcage,Drama,>600,High,Old,Long,High,Steven Spielberg,Denzel Washington,Medium,No
140,Shadows (Cienie) (1988),Comedy,>600,High,Old,Long,Medium,Christopher Nolan,Meryl Streep,High,No
141,Gospa (1995),Action,>600,Low,New,Short,Low,Quentin Tarantino,Leonardo DiCaprio,Medium,Yes
142,Brothers McMullen,Romance,>600,Medium,New,Short,High,Steven Spielberg,Scarlett Johansson,High,No
143,Bad Boys (1995),Sci-Fi,<400,Medium,Old,Medium,Medium,Christopher Nolan,Tom Hanks,Low,No
144,Amazing Panda Adventure,Romance,>600,Low,Old,Long,High,James Cameron,Tom Hanks,Low,Yes
145,Basketball Diaries,Comedy,>600,Low,Old,Long,Low,Quentin Tarantino,Scarlett Johansson,Medium,Yes
146,Awfully Big Adventure,Comedy,<400,Low,New,Short,Low,Martin Scorsese,Tom Hanks,High,No
147,Amateur (1994),Action,<400,Medium,New,Medium,High,Martin Scorsese,Meryl Streep,Low,No
148,Apollo 13 (1995),Sci-Fi,400-600,Medium,Old,Long,Low,Steven Spielberg,Tom Hanks,Medium,Yes
149,Rob Roy (1995),Romance,400-600,High,New,Medium,High,Quentin Tarantino,Leonardo DiCaprio,Medium,Yes
150,Addiction,Comedy,<400,Medium,Old,Long,Low,Christopher Nolan,Leonardo DiCaprio,High,No
151,Batman Forever (1995),Sci-Fi,>600,High,Old,Long,Medium,James Cameron,Denzel Washington,High,Yes
152,Belle de jour (1967),Comedy,>600,Low,New,Short,High,Unknown,Meryl Streep,Low,No
153,Beyond Rangoon (1995),Action,<400,Medium,New,Long,High,Unknown,Tom Hanks,High,No
154,Blue in the Face (1995),Action,400-600,Low,Old,Short,Medium,James Cameron,Tom Hanks,High,Yes
155,Canadian Bacon (1995),Horror,<400,Low,New,Long,Low,Martin Scorsese,Scarlett Johansson,High,No
156,Casper (1995),Drama,>600,High,Old,Short,Medium,Martin Scorsese,Denzel Washington,High,Yes
157,Clockers (1995),Sci-Fi,<400,High,Old,Long,Low,James Cameron,Leonardo DiCaprio,Low,Yes
158,Congo (1995),Horror,>600,Medium,Old,Short,Low,Martin Scorsese,Unknown,Low,No
159,Crimson Tide (1995),Action,>600,Low,Old,Short,High,James Cameron,Scarlett Johansson,Low,No
160,Crumb (1994),Sci-Fi,<400,Low,Old,Long,Medium,Steven Spielberg,Scarlett Johansson,Medium,Yes
161,Desperado (1995),Fantasy,>600,High,Old,Short,Medium,Unknown,Tom Hanks,Medium,No
162,Devil in a Blue Dress (1995),Comedy,400-600,High,New,Medium,Medium,Christopher Nolan,Leonardo DiCaprio,Medium,No
163,Die Hard,Action,>600,Medium,Old,Medium,Medium,Unknown,Scarlett Johansson,High,Yes
164,Doom Generation,Romance,>600,Low,New,Medium,Low,Quentin Tarantino,Tom Hanks,High,No
165,Feast of July (1995),Comedy,400-600,High,Old,Short,High,Steven Spielberg,Denzel Washington,Low,Yes
166,First Knight (1995),Horror,>600,Low,Old,Long,High,Quentin Tarantino,Meryl Streep,Low,No
167,Free Willy 2,Sci-Fi,<400,High,New,Medium,Medium,James Cameron,Leonardo DiCaprio,High,No
168,Hackers (1995),Horror,<400,Medium,Old,Medium,High,Christopher Nolan,Denzel Washington,Medium,No
169,Jeffrey (1995),Horror,>600,High,New,Long,High,Steven Spielberg,Tom Hanks,Medium,Yes
170,Johnny Mnemonic (1995),Sci-Fi,<400,High,Old,Short,Low,Unknown,Meryl Streep,Medium,No
171,Judge Dredd (1995),Comedy,<400,Medium,Old,Short,Low,Martin Scorsese,Scarlett Johansson,Medium,Yes
172,Jury Duty (1995),Fantasy,>600,Low,Old,Long,High,Quentin Tarantino,Denzel Washington,Low,Yes
173,Kids (1995),Drama,<400,Low,Old,Long,Medium,Quentin Tarantino,Scarlett Johansson,Medium,No
174,Living in Oblivion (1995),Drama,>600,Low,Old,Long,Medium,Martin Scorsese,Scarlett Johansson,Medium,Yes
175,Lord of Illusions (1995),Drama,>600,High,New,Short,Low,Steven Spielberg,Meryl Streep,High,Yes
176,Love & Human Remains (1993),Sci-Fi,400-600,Medium,Old,Medium,High,Martin Scorsese,Meryl Streep,High,Yes
177,Mad Love (1995),Action,<400,High,New,Medium,High,Quentin Tarantino,Unknown,Low,No
178,Mallrats (1995),Fantasy,400-600,Medium,New,Long,High,Martin Scorsese,Unknown,Medium,Yes
179,Mighty Morphin Power Rangers,Action,<400,High,Old,Short,Low,Quentin Tarantino,Unknown,Low,No
180,Moonlight and Valentino (1995),Sci-Fi,>600,Low,New,Long,Low,Unknown,Scarlett Johansson,Medium,Yes
181,Mute Witness (1994),Romance,<400,High,New,Long,High,Steven Spielberg,Scarlett Johansson,High,Yes
182,Nadja (1994),Comedy,<400,High,New,Medium,Medium,Christopher Nolan,Meryl Streep,Medium,No
183,Net,Romance,<400,Medium,Old,Long,Medium,Steven Spielberg,Tom Hanks,High,No
184,Nine Months (1995),Sci-Fi,>600,High,Old,Long,Low,Martin Scorsese,Leonardo DiCaprio,Low,No
185,Party Girl (1995),Sci-Fi,<400,Low,New,Long,Medium,Martin Scorsese,Scarlett Johansson,Medium,No
186,Prophecy,Fantasy,<400,Medium,New,Short,Medium,Steven Spielberg,Unknown,Low,Yes
187,Reckless (1995),Action,400-600,High,New,Medium,High,Christopher Nolan,Meryl Streep,Low,Yes
188,Safe (1995),Comedy,>600,Medium,Old,Short,High,Quentin Tarantino,Denzel Washington,Low,Yes
189,Scarlet Letter,Horror,>600,High,New,Long,Medium,Martin Scorsese,Denzel Washington,High,Yes
190,Show,Fantasy,>600,High,Old,Long,Low,Martin Scorsese,Unknown,Medium,Yes
191,Showgirls (1995),Comedy,>600,Medium,Old,Long,High,Steven Spielberg,Unknown,Low,No
192,Smoke (1995),Action,<400,High,New,Short,Medium,Quentin Tarantino,Tom Hanks,High,No
193,Something to Talk About (1995),Fantasy,>600,Low,New,Medium,High,Quentin Tarantino,Tom Hanks,Low,Yes
194,Species (1995),Horror,>600,Low,New,Short,High,Martin Scorsese,Unknown,Low,Yes
195,Stars Fell on Henrietta,Fantasy,>600,High,Old,Short,Medium,Quentin Tarantino,Unknown,High,No
196,Strange Days (1995),Horror,<400,Medium,Old,Medium,Medium,Unknown,Denzel Washington,Low,Yes
197,Umbrellas of Cherbourg,Comedy,>600,Medium,Old,Short,Low,Steven Spielberg,Tom Hanks,Low,Yes
198,Tie That Binds,Sci-Fi,>600,High,New,Long,Medium,Unknown,Scarlett Johansson,High,No
199,Three Wishes (1995),Fantasy,>600,Medium,Old,Short,High,Christopher Nolan,Meryl Streep,Low,No
200,Total Eclipse (1995),Drama,>600,Medium,Old,Medium,Low,Unknown,Leonardo DiCaprio,Medium,Yes
201,To Wong Foo,Action,<400,Medium,New,Long,Medium,James Cameron,Meryl Streep,Low,Yes
202,Under Siege 2,Action,<400,Low,Old,Short,High,Unknown,Meryl Streep,Medium,No
203,Unstrung Heroes (1995),Drama,400-600,Medium,Old,Medium,Low,Christopher Nolan,Tom Hanks,High,Yes
204,Unzipped (1995),Romance,>600,High,New,Long,Low,Steven Spielberg,Leonardo DiCaprio,Low,No
205,Walk in the Clouds,Romance,400-600,High,Old,Medium,Low,Unknown,Unknown,Medium,Yes
206,Waterworld (1995),Action,<400,Low,New,Medium,High,Christopher Nolan,Scarlett Johansson,Medium,No
207,White Man's Burden (1995),Drama,>600,Low,Old,Short,High,James Cameron,Denzel Washington,Medium,Yes
208,Wild Bill (1995),Drama,400-600,High,Old,Short,Low,Christopher Nolan,Scarlett Johansson,Low,Yes
209,Browning Version,Horror,<400,Medium,New,Long,High,Martin Scorsese,Tom Hanks,Medium,No
210,Bushwhacked (1995),Sci-Fi,>600,High,New,Medium,Low,Steven Spielberg,Unknown,Low,No
211,Burnt by the Sun (Utomlyonnye solntsem) (1994),Romance,<400,Medium,Old,Short,Low,Quentin Tarantino,Denzel Washington,High,No
212,Before the Rain (Pred dozhdot) (1994),Romance,>600,Low,Old,Long,High,Martin Scorsese,Scarlett Johansson,High,No
213,Before Sunrise (1995),Horror,>600,Low,New,Medium,High,Martin Scorsese,Meryl Streep,Low,Yes
214,Billy Madison (1995),Comedy,>600,Low,New,Medium,Low,Unknown,Tom Hanks,Low,No
215,Babysitter,Fantasy,>600,Medium,Old,Short,High,Unknown,Leonardo DiCaprio,High,Yes
216,Boys on the Side (1995),Romance,<400,Low,New,Short,Medium,Unknown,Meryl Streep,High,Yes
217,Cure,Horror,400-600,Low,Old,Short,Low,James Cameron,Leonardo DiCaprio,Medium,No
218,Castle Freak (1995),Drama,400-600,Low,Old,Long,Low,Christopher Nolan,Denzel Washington,High,Yes
219,Circle of Friends (1995),Comedy,<400,Medium,Old,Short,High,Steven Spielberg,Leonardo DiCaprio,Medium,Yes
220,Clerks (1994),Fantasy,<400,Medium,New,Short,High,Unknown,Meryl Streep,High,Yes
221,Don Juan DeMarco (1995),Action,400-600,Medium,New,Long,High,James Cameron,Leonardo DiCaprio,High,Yes
222,Disclosure (1994),Drama,>600,Low,Old,Long,Medium,James Cameron,Tom Hanks,Low,No
223,Dream Man (1995),Comedy,>600,Medium,Old,Medium,High,Christopher Nolan,Tom Hanks,High,No
224,Drop Zone (1994),Sci-Fi,<400,Low,Old,Short,Low,Steven Spielberg,Meryl Streep,High,No
225,Destiny Turns on the Radio (1995),Horror,400-600,Medium,New,Short,High,Martin Scorsese,Unknown,High,Yes
226,Death and the Maiden (1994),Sci-Fi,>600,Medium,New,Long,High,Steven Spielberg,Scarlett Johansson,Low,No
227,Dolores Claiborne (1995),Drama,<400,Medium,New,Short,Low,James Cameron,Unknown,Medium,Yes
228,Dumb & Dumber (1994),Sci-Fi,<400,Low,Old,Long,Low,James Cameron,Leonardo DiCaprio,High,Yes
229,Eat Drink Man Woman (Yin shi nan nu) (1994),Comedy,>600,Medium,New,Long,Medium,Quentin Tarantino,Meryl Streep,High,Yes
230,Exotica (1994),Action,<400,Low,New,Short,High,Christopher Nolan,Leonardo DiCaprio,High,No
231,Exit to Eden (1994),Sci-Fi,<400,High,New,Medium,Medium,Quentin Tarantino,Meryl Streep,Low,No
232,Ed Wood (1994),Drama,400-600,High,New,Long,Low,James Cameron,Leonardo DiCaprio,Medium,No
233,French Kiss (1995),Fantasy,>600,High,New,Short,Low,Martin Scorsese,Scarlett Johansson,Low,Yes
234,Forget Paris (1995),Drama,>600,Medium,Old,Medium,Low,James Cameron,Meryl Streep,Low,Yes
235,Far From Home,Romance,>600,Low,New,Medium,Low,Unknown,Tom Hanks,Medium,Yes
236,Goofy Movie,Sci-Fi,400-600,Medium,Old,Medium,Low,Steven Spielberg,Scarlett Johansson,Low,No
237,Hideaway (1995),Fantasy,<400,Low,Old,Medium,Medium,Steven Spielberg,Tom Hanks,High,Yes
238,Fluke (1995),Comedy,400-600,Low,New,Short,High,Martin Scorsese,Scarlett Johansson,High,Yes
239,Farinelli,Comedy,>600,Medium,Old,Short,Low,Unknown,Tom Hanks,Medium,No
240,Gordy (1995),Romance,<400,Low,Old,Short,High,Martin Scorsese,Scarlett Johansson,Low,Yes
241,Gumby,Fantasy,>600,Medium,New,Short,Low,Quentin Tarantino,Unknown,Medium,Yes
242,Glass Shield,Sci-Fi,400-600,Medium,Old,Medium,Medium,Unknown,Leonardo DiCaprio,High,No
243,Hoop Dreams (1994),Horror,>600,Medium,New,Medium,Medium,Martin Scorsese,Tom Hanks,Low,No
244,Heavenly Creatures (1994),Fantasy,>600,Low,New,Long,Medium,James Cameron,Leonardo DiCaprio,Low,Yes
245,Houseguest (1994),Horror,<400,Low,Old,Medium,Medium,Christopher Nolan,Meryl Streep,Medium,No
246,Immortal Beloved (1994),Romance,<400,Low,Old,Medium,High,Unknown,Leonardo DiCaprio,High,No
247,Heavyweights (a.k.a. Heavy Weights) (1995),Drama,>600,Medium,New,Long,Medium,Steven Spielberg,Tom Hanks,Medium,No
248,Hunted,Action,<400,Medium,Old,Short,Medium,Steven Spielberg,Scarlett Johansson,High,No
249,I.Q. (1994),Horror,<400,Low,New,Short,Medium,James Cameron,Leonardo DiCaprio,High,Yes
250,Interview with the Vampire,Sci-Fi,<400,Low,Old,Short,Low,Christopher Nolan,Denzel Washington,Medium,Yes
251,Jefferson in Paris (1995),Action,<400,Low,Old,Short,Medium,Unknown,Scarlett Johansson,Low,No
252,Jerky Boys,Comedy,<400,High,Old,Short,High,Martin Scorsese,Meryl Streep,Low,Yes
253,Junior (1994),Comedy,>600,Medium,New,Long,Low,Quentin Tarantino,Meryl Streep,Medium,Yes
254,Just Cause (1995),Horror,<400,Medium,New,Long,High,Christopher Nolan,Tom Hanks,High,No
255,Kid in King Arthur's Court,Drama,>600,High,Old,Short,Low,James Cameron,Scarlett Johansson,Medium,Yes
256,Kiss of Death (1995),Comedy,>600,Medium,New,Medium,High,Martin Scorsese,Leonardo DiCaprio,Low,No
257,Star Wars,Action,400-600,Medium,Old,Medium,High,Martin Scorsese,Leonardo DiCaprio,Medium,No
258,Little Women (1994),Drama,400-600,High,New,Medium,High,Martin Scorsese,Unknown,High,No
259,Little Princess,Horror,<400,High,Old,Long,Low,Unknown,Meryl Streep,High,No
260,Ladybird Ladybird (1994),Comedy,>600,High,Old,Medium,High,Christopher Nolan,Scarlett Johansson,Low,Yes
261,Enfer,Horror,>600,Low,Old,Long,High,Martin Scorsese,Scarlett Johansson,Medium,Yes
262,Like Water for Chocolate (Como agua para chocolate) (1992),Fantasy,400-600,Medium,New,Short,Low,Christopher Nolan,Meryl Streep,Medium,Yes
263,Legends of the Fall (1994),Drama,>600,High,Old,Medium,High,Unknown,Unknown,High,No
264,Major Payne (1995),Drama,400-600,Low,Old,Medium,Low,James Cameron,Leonardo DiCaprio,High,No
265,Little Odessa (1994),Drama,400-600,Low,New,Short,Medium,Quentin Tarantino,Meryl Streep,Low,No
266,My Crazy Life (Mi vida loca) (1993),Romance,>600,High,New,Short,High,Christopher Nolan,Scarlett Johansson,Low,Yes
267,Love Affair (1994),Sci-Fi,400-600,High,New,Medium,Low,Unknown,Unknown,Low,No
268,Losing Isaiah (1995),Romance,<400,Low,New,Medium,Medium,James Cameron,Leonardo DiCaprio,High,No
269,Madness of King George,Action,>600,High,Old,Medium,High,Christopher Nolan,Denzel Washington,Medium,No
270,Frankenstein (Mary Shelley's Frankenstein) (1994),Drama,400-600,Medium,Old,Medium,Medium,James Cameron,Unknown,High,No
271,Man of the House (1995),Sci-Fi,400-600,Medium,Old,Medium,High,Quentin Tarantino,Meryl Streep,High,Yes
272,Mixed Nuts (1994),Drama,>600,Low,New,Long,Low,Steven Spielberg,Scarlett Johansson,Low,Yes
273,Milk Money (1994),Sci-Fi,<400,Medium,New,Medium,Medium,Quentin Tarantino,Scarlett Johansson,Low,No
274,Miracle on 34th Street (1994),Comedy,<400,High,Old,Medium,Medium,Unknown,Unknown,Low,Yes
275,Miami Rhapsody (1995),Action,<400,Medium,Old,Long,Medium,Steven Spielberg,Tom Hanks,High,No
276,My Family (1995),Sci-Fi,<400,Low,New,Short,Medium,Steven Spielberg,Tom Hanks,Medium,No
277,Murder in the First (1995),Action,<400,Medium,Old,Short,High,Martin Scorsese,Meryl Streep,Medium,No
278,Nobody's Fool (1994),Horror,400-600,Medium,New,Short,Low,Christopher Nolan,Unknown,Medium,Yes
279,Nell (1994),Drama,>600,Medium,Old,Long,Medium,Martin Scorsese,Unknown,Medium,No
280,New Jersey Drive (1995),Comedy,<400,Medium,New,Long,Low,James Cameron,Leonardo DiCaprio,High,No
281,New York Cop (Nyû Yôku no koppu) (1993),Horror,>600,Medium,New,Short,High,Unknown,Unknown,Low,Yes
282,Beyond Bedlam (1993),Sci-Fi,<400,High,Old,Short,Low,Unknown,Denzel Washington,Low,Yes
283,Nemesis 2,Romance,400-600,Medium,Old,Short,Low,James Cameron,Denzel Washington,Medium,No
284,Nina Takes a Lover (1994),Sci-Fi,<400,High,Old,Medium,High,James Cameron,Leonardo DiCaprio,High,Yes
285,Natural Born Killers (1994),Fantasy,400-600,Medium,Old,Long,Medium,Martin Scorsese,Tom Hanks,Medium,No
286,Only You (1994),Drama,>600,Low,Old,Medium,High,Quentin Tarantino,Scarlett Johansson,Medium,Yes
287,Once Were Warriors (1994),Sci-Fi,>600,High,New,Long,Medium,Unknown,Unknown,High,No
288,Poison Ivy II (1996),Action,>600,High,Old,Long,High,Martin Scorsese,Tom Hanks,Medium,No
289,Outbreak (1995),Sci-Fi,>600,High,New,Medium,Low,Martin Scorsese,Meryl Streep,Low,No
290,Léon,Drama,>600,Medium,Old,Short,Medium,Quentin Tarantino,Tom Hanks,High,No
291,Perez Family,Drama,>600,Medium,New,Long,High,Quentin Tarantino,Leonardo DiCaprio,Medium,Yes
292,Pyromaniac's Love Story,Romance,>600,Medium,New,Medium,High,Quentin Tarantino,Unknown,Low,Yes
293,Pulp Fiction (1994),Comedy,<400,Low,New,Medium,High,Christopher Nolan,Meryl Streep,High,Yes
294,Panther (1995),Comedy,<400,Medium,New,Long,Medium,Martin Scorsese,Leonardo DiCaprio,Medium,No
295,Pushing Hands (Tui shou) (1992),Comedy,>600,High,New,Short,Low,Christopher Nolan,Meryl Streep,Medium,No
296,Priest (1994),Horror,400-600,High,Old,Long,High,Steven Spielberg,Unknown,Low,Yes
297,Quiz Show (1994),Comedy,>600,Low,New,Long,High,Steven Spielberg,Scarlett Johansson,High,No
298,Picture Bride (Bijo photo) (1994),Horror,>600,High,Old,Short,Low,Martin Scorsese,Tom Hanks,Medium,Yes
299,Queen Margot (La Reine Margot) (1994),Sci-Fi,>600,Medium,New,Medium,Low,James Cameron,Leonardo DiCaprio,Low,No
300,Quick and the Dead,Romance,<400,Medium,New,Medium,Low,Quentin Tarantino,Meryl Streep,Low,No
301,Roommates (1995),Drama,<400,Medium,New,Short,Low,Christopher Nolan,Tom Hanks,Medium,No
302,Ready to Wear (Pret-A-Porter) (1994),Horror,<400,High,Old,Medium,High,Steven Spielberg,Denzel Washington,Medium,Yes
303,Three Colors,Sci-Fi,<400,High,New,Medium,High,Martin Scorsese,Leonardo DiCaprio,High,Yes
304,Three Colors,Romance,>600,Medium,Old,Short,Medium,James Cameron,Scarlett Johansson,Low,Yes
305,Three Colors,Horror,400-600,High,New,Short,High,Martin Scorsese,Meryl Streep,Low,No
306,Red Firecracker,Fantasy,<400,Medium,New,Medium,High,James Cameron,Leonardo DiCaprio,High,Yes
307,Rent-a-Kid (1995),Romance,400-600,High,New,Long,Low,Martin Scorsese,Leonardo DiCaprio,Medium,No
308,Relative Fear (1994),Fantasy,>600,Medium,New,Medium,Medium,Quentin Tarantino,Denzel Washington,High,No
309,Stuart Saves His Family (1995),Sci-Fi,>600,Medium,Old,Short,Low,Quentin Tarantino,Unknown,High,Yes
310,Swan Princess,Fantasy,<400,Low,New,Long,High,James Cameron,Scarlett Johansson,High,No
311,Secret of Roan Inish,Comedy,<400,High,Old,Long,High,Martin Scorsese,Unknown,High,Yes
312,Specialist,Fantasy,>600,Medium,Old,Long,High,Quentin Tarantino,Denzel Washington,High,No
313,Stargate (1994),Comedy,>600,Medium,Old,Long,Medium,Martin Scorsese,Meryl Streep,Low,No
314,Santa Clause,Sci-Fi,>600,Medium,Old,Long,Low,Martin Scorsese,Tom Hanks,Medium,Yes
315,Shawshank Redemption,Fantasy,>600,Low,New,Long,Medium,Quentin Tarantino,Leonardo DiCaprio,Low,Yes
316,Shallow Grave (1994),Romance,<400,High,New,Long,High,Unknown,Meryl Streep,High,No
317,Suture (1993),Fantasy,<400,Medium,Old,Short,High,Steven Spielberg,Meryl Streep,Low,No
318,Strawberry and Chocolate (Fresa y chocolate) (1993),Fantasy,<400,Medium,Old,Long,Low,Steven Spielberg,Scarlett Johansson,Medium,No
319,Swimming with Sharks (1995),Action,>600,High,New,Medium,Low,Martin Scorsese,Leonardo DiCaprio,Medium,Yes
320,Sum of Us,Romance,<400,High,New,Long,Low,Steven Spielberg,Unknown,High,Yes
321,National Lampoon's Senior Trip (1995),Horror,>600,Medium,New,Long,Low,Christopher Nolan,Denzel Washington,Medium,Yes
322,To Live (Huozhe) (1994),Romance,<400,Low,Old,Long,High,Quentin Tarantino,Tom Hanks,Medium,Yes
323,Tank Girl (1995),Sci-Fi,<400,Low,New,Long,Medium,Steven Spielberg,Unknown,High,Yes
324,Tales from the Crypt Presents,Drama,400-600,Medium,New,Long,Low,Unknown,Leonardo DiCaprio,Low,Yes
325,Star Trek,Action,>600,Medium,Old,Short,Low,Steven Spielberg,Leonardo DiCaprio,Low,Yes
326,Tales from the Hood (1995),Romance,<400,Medium,New,Medium,Low,Martin Scorsese,Tom Hanks,High,No
327,Tom & Viv (1994),Action,400-600,Medium,Old,Long,High,James Cameron,Unknown,Low,No
328,Village of the Damned (1995),Action,400-600,Medium,Old,Long,High,Steven Spielberg,Meryl Streep,High,No
329,Tommy Boy (1995),Fantasy,>600,Medium,Old,Short,Low,James Cameron,Unknown,High,No
330,Vanya on 42nd Street (1994),Romance,>600,High,New,Medium,High,Quentin Tarantino,Denzel Washington,High,Yes
331,Underneath (1995),Romance,>600,Medium,Old,Medium,Medium,James Cameron,Leonardo DiCaprio,Low,Yes
332,Walking Dead,Comedy,<400,Medium,Old,Long,High,Steven Spielberg,Meryl Streep,Low,No
333,What's Eating Gilbert Grape (1993),Romance,<400,Medium,Old,Long,High,Unknown,Scarlett Johansson,Medium,No
334,Virtuosity (1995),Romance,400-600,Low,Old,Long,Low,Christopher Nolan,Meryl Streep,High,No
335,While You Were Sleeping (1995),Comedy,<400,Low,Old,Medium,Medium,Unknown,Tom Hanks,High,No
336,War,Comedy,>600,Medium,Old,Short,High,Unknown,Denzel Washington,High,No
337,Double Happiness (1994),Drama,>600,High,New,Long,Low,Christopher Nolan,Unknown,Low,Yes
338,Muriel's Wedding (1994),Fantasy,>600,Low,Old,Long,Medium,Quentin Tarantino,Tom Hanks,Medium,Yes
339,Baby-Sitters Club,Romance,<400,High,New,Short,Low,Steven Spielberg,Scarlett Johansson,Low,No
340,Ace Ventura,Horror,>600,Low,Old,Short,Low,Quentin Tarantino,Unknown,High,Yes
341,Adventures of Priscilla,Action,>600,Low,Old,Long,High,Martin Scorsese,Meryl Streep,High,No
342,Backbeat (1993),Sci-Fi,<400,Medium,New,Short,High,Martin Scorsese,Leonardo DiCaprio,Low,Yes
343,Bitter Moon (1992),Comedy,>600,Low,New,Long,Medium,James Cameron,Unknown,Medium,No
344,Bullets Over Broadway (1994),Sci-Fi,>600,Medium,Old,Medium,Medium,Unknown,Scarlett Johansson,Low,Yes
345,Clear and Present Danger (1994),Romance,<400,Medium,Old,Medium,Medium,Quentin Tarantino,Tom Hanks,High,Yes
346,Client,Horror,<400,Medium,New,Short,Low,Christopher Nolan,Unknown,High,No
347,Corrina,Action,>600,High,New,Short,High,Quentin Tarantino,Meryl Streep,High,Yes
348,Crooklyn (1994),Romance,400-600,Medium,New,Medium,High,James Cameron,Tom Hanks,Low,No
349,Crow,Horror,<400,Low,New,Medium,Low,Steven Spielberg,Leonardo DiCaprio,Low,Yes
350,Cobb (1994),Fantasy,400-600,High,New,Short,Low,Unknown,Scarlett Johansson,Medium,Yes
351,Flintstones,Action,<400,Low,Old,Medium,Medium,Unknown,Unknown,Low,No
352,Forrest Gump (1994),Horror,<400,High,New,Medium,High,Quentin Tarantino,Scarlett Johansson,High,No
353,Four Weddings and a Funeral (1994),Comedy,>600,Medium,Old,Short,Low,James Cameron,Denzel Washington,Low,No
354,Higher Learning (1995),Romance,>600,Medium,New,Long,Low,Martin Scorsese,Tom Hanks,Medium,No
355,I Like It Like That (1994),Horror,>600,Low,Old,Short,Medium,Christopher Nolan,Denzel Washington,Medium,No
356,I Love Trouble (1994),Horror,<400,High,Old,Long,Medium,Steven Spielberg,Unknown,Medium,No
357,It Could Happen to You (1994),Romance,400-600,Low,Old,Long,Medium,Quentin Tarantino,Scarlett Johansson,Medium,No
358,Jungle Book,Action,400-600,Low,Old,Medium,Medium,Quentin Tarantino,Meryl Streep,Medium,Yes
359,Wonderful,Romance,400-600,Low,Old,Medium,High,Christopher Nolan,Denzel Washington,High,Yes
360,Lion King,Horror,<400,Medium,New,Short,High,Martin Scorsese,Meryl Streep,High,No
361,Little Buddha (1993),Sci-Fi,<400,High,New,Short,Medium,Quentin Tarantino,Denzel Washington,High,Yes
362,Wes Craven's New Nightmare (1994),Fantasy,400-600,Low,New,Medium,High,Christopher Nolan,Tom Hanks,Medium,Yes
363,Mask,Drama,>600,Medium,New,Medium,High,Unknown,Tom Hanks,Low,No
364,Maverick (1994),Sci-Fi,400-600,Low,New,Long,Low,Unknown,Unknown,Low,No
365,Mrs. Parker and the Vicious Circle (1994),Action,<400,Medium,New,Medium,High,Christopher Nolan,Scarlett Johansson,Low,No
366,Naked Gun 33 1/3,Horror,<400,Medium,New,Short,High,Steven Spielberg,Tom Hanks,Low,Yes
367,Paper,Drama,<400,Low,Old,Medium,Medium,Unknown,Denzel Washington,Low,No
368,Reality Bites (1994),Fantasy,<400,Medium,Old,Medium,Medium,Christopher Nolan,Denzel Washington,Low,Yes
369,Red Rock West (1992),Action,>600,Low,New,Medium,Medium,Christopher Nolan,Meryl Streep,High,Yes
370,Richie Rich (1994),Sci-Fi,<400,Medium,New,Short,Low,Unknown,Leonardo DiCaprio,High,Yes
371,Safe Passage (1994),Comedy,>600,Medium,Old,Medium,Low,Christopher Nolan,Denzel Washington,Medium,Yes
372,River Wild,Romance,>600,High,New,Long,Medium,Quentin Tarantino,Meryl Streep,High,Yes
373,Speed (1994),Action,>600,Low,Old,Long,Low,Christopher Nolan,Scarlett Johansson,High,Yes
374,Speechless (1994),Action,>600,High,New,Short,Low,Christopher Nolan,Tom Hanks,High,No
375,Timecop (1994),Horror,<400,High,New,Short,High,Christopher Nolan,Tom Hanks,Low,No
376,True Lies (1994),Drama,<400,Low,Old,Medium,High,Christopher Nolan,Denzel Washington,High,Yes
377,When a Man Loves a Woman (1994),Sci-Fi,>600,Low,Old,Medium,High,Martin Scorsese,Tom Hanks,Low,Yes
378,Wolf (1994),Action,400-600,High,New,Short,Medium,Quentin Tarantino,Scarlett Johansson,Low,Yes
379,Wyatt Earp (1994),Romance,<400,Low,New,Long,Medium,Christopher Nolan,Leonardo DiCaprio,High,No
380,Bad Company (1995),Action,<400,Medium,New,Long,Medium,James Cameron,Unknown,Low,No
381,Man of No Importance,Action,>600,Medium,Old,Short,Low,James Cameron,Denzel Washington,Medium,No
382,S.F.W. (1994),Horror,>600,Low,New,Short,High,James Cameron,Scarlett Johansson,Low,Yes
383,Low Down Dirty Shame,Action,<400,High,New,Long,High,Unknown,Unknown,High,No
384,Boys Life (1995),Drama,<400,Medium,New,Long,Medium,Unknown,Meryl Streep,Medium,No
385,Colonel Chabert,Horror,<400,Medium,New,Long,Medium,Steven Spielberg,Leonardo DiCaprio,Low,No
386,Faster Pussycat! Kill! Kill! (1965),Comedy,400-600,Medium,New,Medium,Medium,Martin Scorsese,Denzel Washington,High,No
387,Jason's Lyric (1994),Fantasy,<400,Medium,Old,Long,Medium,James Cameron,Tom Hanks,High,No
388,Secret Adventures of Tom Thumb,Comedy,400-600,Medium,Old,Long,Medium,Martin Scorsese,Denzel Washington,Medium,Yes
389,Street Fighter (1994),Fantasy,>600,Medium,Old,Short,Medium,James Cameron,Meryl Streep,High,Yes
390,Coldblooded (1995),Sci-Fi,<400,High,New,Long,Medium,Steven Spielberg,Tom Hanks,High,No
391,Desert Winds (1995),Sci-Fi,<400,Medium,New,Long,High,Quentin Tarantino,Unknown,Medium,Yes
392,Fall Time (1995),Sci-Fi,>600,High,New,Medium,Low,Martin Scorsese,Leonardo DiCaprio,Low,No
393,Fear,Horror,>600,High,New,Medium,Low,Quentin Tarantino,Unknown,Medium,Yes
394,Frank and Ollie (1995),Drama,<400,Low,New,Medium,High,Steven Spielberg,Denzel Washington,Medium,No
395,Girl in the Cadillac (1995),Horror,400-600,Medium,Old,Short,High,Martin Scorsese,Scarlett Johansson,Medium,No
396,Homage (1995),Horror,>600,Low,Old,Short,Low,Quentin Tarantino,Meryl Streep,Low,No
397,Mirage (1995),Fantasy,>600,Low,New,Medium,Medium,Steven Spielberg,Denzel Washington,Low,Yes
398,Open Season (1996),Horror,>600,Low,Old,Medium,Low,Christopher Nolan,Unknown,Low,Yes
399,Two Crimes (Dos crímenes) (1995),Horror,>600,Low,New,Long,High,Martin Scorsese,Scarlett Johansson,Low,No
400,Brother Minister,Action,>600,Low,New,Long,Low,Quentin Tarantino,Denzel Washington,Low,No
401,Highlander III,Sci-Fi,400-600,High,New,Long,Medium,Steven Spielberg,Meryl Streep,Medium,Yes
402,Federal Hill (1994),Sci-Fi,<400,Medium,Old,Medium,High,Christopher Nolan,Denzel Washington,Low,No
403,In the Mouth of Madness (1995),Fantasy,<400,Medium,Old,Long,High,Martin Scorsese,Tom Hanks,Medium,Yes
404,8 Seconds (1994),Romance,<400,Low,Old,Long,Low,Christopher Nolan,Tom Hanks,Medium,Yes
405,Above the Rim (1994),Comedy,400-600,Medium,New,Medium,High,James Cameron,Scarlett Johansson,Low,No
406,Addams Family Values (1993),Sci-Fi,>600,Low,New,Long,Low,Martin Scorsese,Unknown,High,No
407,You So Crazy (1994),Fantasy,>600,Medium,Old,Medium,Low,Steven Spielberg,Tom Hanks,High,Yes
408,Age of Innocence,Drama,<400,High,Old,Short,High,Steven Spielberg,Leonardo DiCaprio,Low,Yes
409,Airheads (1994),Action,<400,Medium,Old,Short,High,Martin Scorsese,Leonardo DiCaprio,Low,Yes
410,Air Up There,Comedy,>600,High,Old,Long,Low,James Cameron,Denzel Washington,Low,No
411,Another Stakeout (1993),Romance,<400,Medium,Old,Short,High,Martin Scorsese,Unknown,Low,Yes
412,Bad Girls (1994),Horror,>600,Medium,Old,Short,High,Quentin Tarantino,Leonardo DiCaprio,Medium,No
413,Barcelona (1994),Romance,400-600,Low,Old,Medium,Medium,Steven Spielberg,Leonardo DiCaprio,High,Yes
414,Being Human (1993),Comedy,<400,Low,Old,Medium,High,Unknown,Meryl Streep,Medium,No
415,Beverly Hillbillies,Sci-Fi,400-600,Medium,New,Long,Low,Christopher Nolan,Meryl Streep,High,Yes
416,Beverly Hills Cop III (1994),Comedy,>600,Low,Old,Medium,Low,Steven Spielberg,Leonardo DiCaprio,Medium,No
417,Black Beauty (1994),Fantasy,>600,Medium,New,Long,High,James Cameron,Meryl Streep,Medium,No
418,Blink (1994),Action,<400,Low,Old,Long,Medium,Unknown,Leonardo DiCaprio,Low,No
419,Blown Away (1994),Fantasy,<400,Low,New,Medium,High,Martin Scorsese,Scarlett Johansson,Medium,No
420,Blue Chips (1994),Action,<400,High,New,Long,High,Steven Spielberg,Meryl Streep,Medium,No
421,Blue Sky (1994),Drama,>600,High,New,Short,Medium,Quentin Tarantino,Leonardo DiCaprio,Low,No
422,Body Snatchers (1993),Horror,400-600,Medium,New,Short,High,Unknown,Leonardo DiCaprio,High,No
423,Boxing Helena (1993),Sci-Fi,<400,Medium,Old,Short,Low,James Cameron,Denzel Washington,High,No
424,Bronx Tale,Sci-Fi,>600,High,Old,Medium,Medium,James Cameron,Unknown,Medium,Yes
425,Cabin Boy (1994),Romance,400-600,Medium,Old,Short,Medium,Unknown,Scarlett Johansson,High,Yes
426,Calendar Girl (1993),Horror,<400,High,New,Long,Low,Christopher Nolan,Unknown,Medium,No
427,Carlito's Way (1993),Romance,>600,Medium,New,Long,High,Steven Spielberg,Scarlett Johansson,Medium,No
428,City Slickers II,Horror,400-600,Low,New,Long,High,Martin Scorsese,Denzel Washington,High,Yes
429,Clean Slate (1994),Fantasy,>600,Low,Old,Medium,Medium,James Cameron,Denzel Washington,High,No
430,Cliffhanger (1993),Comedy,<400,High,New,Short,Low,Quentin Tarantino,Unknown,High,Yes
431,Coneheads (1993),Comedy,>600,Low,New,Medium,Medium,Quentin Tarantino,Denzel Washington,High,Yes
432,Color of Night (1994),Horror,>600,Low,New,Long,High,Martin Scorsese,Tom Hanks,High,No
433,Cops and Robbersons (1994),Drama,<400,Medium,Old,Short,High,Quentin Tarantino,Leonardo DiCaprio,High,Yes
434,Cowboy Way,Comedy,<400,Low,New,Short,Low,Christopher Nolan,Tom Hanks,High,No
435,Dangerous Game (1993),Drama,<400,Medium,Old,Short,Medium,Martin Scorsese,Meryl Streep,High,No
436,Dave (1993),Comedy,400-600,High,New,Medium,Medium,Quentin Tarantino,Denzel Washington,Low,Yes
437,Dazed and Confused (1993),Sci-Fi,400-600,High,Old,Short,High,Christopher Nolan,Unknown,High,Yes
438,Demolition Man (1993),Fantasy,<400,Medium,New,Medium,Low,Quentin Tarantino,Leonardo DiCaprio,Low,Yes
439,Endless Summer 2,Action,<400,Low,Old,Short,High,Steven Spielberg,Leonardo DiCaprio,Medium,No
440,Even Cowgirls Get the Blues (1993),Action,<400,Low,Old,Long,Low,Martin Scorsese,Meryl Streep,Medium,No
441,Fatal Instinct (1993),Fantasy,<400,High,Old,Medium,High,Quentin Tarantino,Unknown,Low,Yes
442,Farewell My Concubine (Ba wang bie ji) (1993),Sci-Fi,400-600,High,Old,Short,High,Quentin Tarantino,Scarlett Johansson,Low,No
443,Favor,Horror,>600,Medium,Old,Medium,Low,Christopher Nolan,Leonardo DiCaprio,High,No
444,Fearless (1993),Romance,<400,High,Old,Short,High,Steven Spielberg,Scarlett Johansson,High,No
445,Fear of a Black Hat (1994),Fantasy,>600,Low,New,Long,Low,Steven Spielberg,Unknown,Medium,Yes
446,With Honors (1994),Action,>600,High,New,Long,Medium,Christopher Nolan,Leonardo DiCaprio,High,Yes
447,Flesh and Bone (1993),Comedy,<400,Medium,Old,Long,Low,Steven Spielberg,Tom Hanks,Low,Yes
448,Widows' Peak (1994),Comedy,400-600,High,Old,Short,Low,Unknown,Denzel Washington,High,Yes
449,For Love or Money (1993),Action,<400,Low,New,Medium,High,Quentin Tarantino,Unknown,Medium,No
450,Firm,Action,>600,High,Old,Medium,High,Quentin Tarantino,Scarlett Johansson,High,No
451,Free Willy (1993),Romance,400-600,High,Old,Long,High,Steven Spielberg,Tom Hanks,High,Yes
452,Fresh (1994),Action,>600,Low,Old,Long,Low,Quentin Tarantino,Unknown,Low,No
453,Fugitive,Horror,>600,High,Old,Long,High,Steven Spielberg,Leonardo DiCaprio,Low,Yes
454,Geronimo,Romance,<400,Medium,New,Short,High,Christopher Nolan,Denzel Washington,Medium,No
455,Getaway,Sci-Fi,>600,Medium,New,Medium,Medium,Martin Scorsese,Tom Hanks,Medium,Yes
456,Getting Even with Dad (1994),Sci-Fi,>600,High,New,Short,Medium,Christopher Nolan,Denzel Washington,Medium,Yes
457,Go Fish (1994),Fantasy,400-600,Medium,New,Long,Low,Martin Scorsese,Leonardo DiCaprio,Medium,No
458,Good Man in Africa,Action,>600,High,New,Long,Low,Unknown,Unknown,Medium,Yes
459,Guilty as Sin (1993),Comedy,>600,High,New,Short,Medium,Christopher Nolan,Leonardo DiCaprio,Medium,Yes
460,Hard Target (1993),Sci-Fi,<400,Low,New,Long,Low,James Cameron,Tom Hanks,Low,Yes
461,Heaven & Earth (1993),Action,<400,High,New,Medium,Low,Unknown,Leonardo DiCaprio,Medium,No
462,Hot Shots! Part Deux (1993),Horror,<400,Medium,Old,Long,Medium,Quentin Tarantino,Meryl Streep,Medium,No
463,Live Nude Girls (1995),Horror,>600,Medium,New,Medium,Medium,Christopher Nolan,Denzel Washington,High,No
464,Englishman Who Went Up a Hill But Came Down a Mountain,Comedy,400-600,High,New,Long,Low,Martin Scorsese,Leonardo DiCaprio,Low,Yes
465,House of the Spirits,Romance,<400,Medium,New,Short,Low,Steven Spielberg,Leonardo DiCaprio,High,No
466,House Party 3 (1994),Comedy,<400,Low,Old,Long,High,Steven Spielberg,Unknown,High,Yes
467,Hudsucker Proxy,Fantasy,400-600,Low,Old,Long,Low,Christopher Nolan,Meryl Streep,Low,Yes
468,I'll Do Anything (1994),Fantasy,<400,Low,New,Short,High,Christopher Nolan,Denzel Washington,Medium,No
469,In the Army Now (1994),Fantasy,>600,Low,New,Long,Medium,Unknown,Scarlett Johansson,High,Yes
470,In the Line of Fire (1993),Action,>600,Low,New,Short,Medium,Christopher Nolan,Meryl Streep,Medium,No
471,In the Name of the Father (1993),Comedy,>600,Medium,Old,Short,Medium,Steven Spielberg,Meryl Streep,Low,Yes
472,Inkwell,Romance,>600,Low,New,Medium,Medium,James Cameron,Denzel Washington,High,Yes
473,What's Love Got to Do with It? (1993),Drama,<400,Medium,Old,Long,Low,Christopher Nolan,Unknown,High,Yes
474,Jimmy Hollywood (1994),Comedy,>600,Medium,New,Long,Low,Steven Spielberg,Meryl Streep,Low,No
475,Judgment Night (1993),Fantasy,<400,High,New,Long,High,Steven Spielberg,Denzel Washington,Low,No
476,Jurassic Park (1993),Sci-Fi,<400,Low,New,Medium,Medium,Christopher Nolan,Unknown,High,No
477,Kalifornia (1993),Romance,>600,Low,New,Long,Low,Unknown,Meryl Streep,High,No
478,Killing Zoe (1994),Drama,>600,High,New,Medium,High,Martin Scorsese,Denzel Washington,High,No
479,King of the Hill (1993),Romance,400-600,High,New,Medium,High,Martin Scorsese,Unknown,Low,Yes
480,Lassie (1994),Romance,>600,Medium,Old,Long,High,Unknown,Denzel Washington,Medium,No
481,Last Action Hero (1993),Fantasy,>600,Low,Old,Long,Medium,Quentin Tarantino,Scarlett Johansson,Medium,No
482,Life with Mikey (1993),Sci-Fi,>600,High,Old,Short,High,Steven Spielberg,Unknown,Medium,No
483,Lightning Jack (1994),Fantasy,<400,High,Old,Medium,Medium,Quentin Tarantino,Leonardo DiCaprio,Medium,No
484,M. Butterfly (1993),Drama,<400,High,New,Medium,High,Quentin Tarantino,Unknown,Low,Yes
485,Made in America (1993),Comedy,<400,High,New,Medium,High,Martin Scorsese,Denzel Washington,Low,No
486,Malice (1993),Drama,400-600,High,Old,Medium,High,Martin Scorsese,Tom Hanks,Medium,Yes
487,Man Without a Face,Comedy,<400,Low,Old,Medium,Low,James Cameron,Unknown,High,No
488,Manhattan Murder Mystery (1993),Sci-Fi,400-600,High,New,Short,Medium,Steven Spielberg,Scarlett Johansson,High,No
489,Menace II Society (1993),Romance,400-600,Low,New,Short,High,James Cameron,Unknown,Low,No
490,Executive Decision (1996),Comedy,<400,High,New,Medium,Medium,Unknown,Unknown,Medium,No
491,In the Realm of the Senses (Ai no corrida) (1976),Horror,<400,High,New,Long,Medium,Christopher Nolan,Scarlett Johansson,Low,Yes
492,What Happened Was... (1994),Drama,>600,High,New,Long,High,James Cameron,Leonardo DiCaprio,Medium,Yes
493,Much Ado About Nothing (1993),Drama,<400,Medium,New,Long,High,Christopher Nolan,Meryl Streep,Medium,No
494,Mr. Jones (1993),Action,<400,Medium,Old,Long,Low,Quentin Tarantino,Meryl Streep,High,No
495,Mr. Wonderful (1993),Romance,<400,Medium,Old,Medium,High,Steven Spielberg,Denzel Washington,High,No
496,Mrs. Doubtfire (1993),Romance,>600,Low,New,Long,Medium,Unknown,Scarlett Johansson,High,No
497,Naked (1993),Sci-Fi,<400,Medium,Old,Long,Medium,James Cameron,Denzel Washington,Low,No
498,Next Karate Kid,Comedy,>600,Medium,New,Medium,Low,Steven Spielberg,Tom Hanks,High,No
499,New Age,Sci-Fi,>600,Medium,New,Long,High,Unknown,Unknown,High,Yes
500,The Dark Knight,Sci-Fi,400-600,High,New,Long,Medium,Quentin Tarantino,Meryl Streep,Low,No