Movie ID,Toy Story (1995),Genres,Average Rating,Number of Ratings,Release Year,Duration,Popularity,Director,Main Cast,Budget/Revenue,Recommended
1,Jumanji (1995),Sci-Fi,3.3,115,New,Short,High,Quentin Tarantino,Tom Hanks,High,Yes
2,Grumpier Old Men (1995),Action,3.5,432,New,Long,High,Quentin Tarantino,Tom Hanks,High,Yes
3,Waiting to Exhale (1995),Horror,4.9,547,New,Long,Low,Steven Spielberg,Tom Hanks,Medium,No
4,Father of the Bride Part II (1995),Romance,4.8,787,Old,Short,Low,Steven Spielberg,Denzel Washington,Medium,No
5,Heat (1995),Drama,4,304,Old,Medium,Low,Martin Scorsese,Denzel Washington,Medium,Yes
6,Sabrina (1995),Fantasy,4.4,731,Old,Short,High,James Cameron,Tom Hanks,High,No
7,Tom and Huck (1995),Sci-Fi,3,978,New,Medium,High,Martin Scorsese,Tom Hanks,Medium,Yes
8,Sudden Death (1995),Fantasy,3.2,918,Old,Short,Medium,Christopher Nolan,Leonardo DiCaprio,Medium,No
9,GoldenEye (1995),Sci-Fi,2.4,397,Old,Long,High,Steven Spielberg,Scarlett Johansson,Medium,No
10,American President,Sci-Fi,3.1,485,New,Medium,Medium,Christopher Nolan,Leonardo DiCaprio,High,Yes
11,Dracula,Action,4.3,993,Old,Long,High,Christopher Nolan,Tom Hanks,Medium,Yes
12,Balto (1995),Romance,3.4,519,Old,Long,Low,James Cameron,Unknown,High,No
13,Nixon (1995),Horror,4.5,355,New,Short,High,Martin Scorsese,Denzel Washington,Medium,Yes
14,Cutthroat Island (1995),Drama,2.9,615,New,Long,High,Unknown,Meryl Streep,High,Yes
15,Casino (1995),Sci-Fi,4.1,22,New,Medium,Low,Quentin Tarantino,Denzel Washington,Low,Yes
16,Sense and Sensibility (1995),Fantasy,4.4,909,New,Long,High,Christopher Nolan,Denzel Washington,High,Yes
17,Four Rooms (1995),Fantasy,4.7,812,New,Short,High,Christopher Nolan,Unknown,High,Yes
18,Ace Ventura,Romance,3.7,887,New,Short,High,Christopher Nolan,Unknown,Low,No
19,Money Train (1995),Romance,4.9,770,New,Medium,High,Christopher Nolan,Denzel Washington,Medium,No
20,Get Shorty (1995),Comedy,3.7,115,New,Short,Medium,Quentin Tarantino,Meryl Streep,High,No
21,Copycat (1995),Sci-Fi,2.4,768,Old,Long,High,Martin Scorsese,Tom Hanks,High,No
22,Assassins (1995),Action,2.7,489,Old,Medium,Low,Unknown,Tom Hanks,Medium,No
23,Powder (1995),Romance,2.6,670,Old,Medium,Medium,James Cameron,Tom Hanks,Medium,Yes
24,Leaving Las Vegas (1995),Horror,3.9,700,Old,Medium,High,Unknown,Unknown,Medium,Yes
25,Othello (1995),Comedy,4.8,734,Old,Medium,Medium,Christopher Nolan,Denzel Washington,Medium,Yes
26,Now and Then (1995),Romance,4.5,386,Old,Medium,High,Steven Spielberg,Scarlett Johansson,Medium,Yes
27,Persuasion (1995),Sci-Fi,2.3,890,Old,Long,High,Quentin Tarantino,Unknown,Low,Yes
28,City of Lost Children,Sci-Fi,4.2,84,Old,Medium,High,Unknown,Scarlett Johansson,High,No
29,Shanghai Triad (Yao a yao yao dao waipo qiao) (1995),Romance,2.6,834,New,Medium,High,James Cameron,Leonardo DiCaprio,Low,Yes
30,Dangerous Minds (1995),Fantasy,2.8,567,New,Short,Medium,Steven Spielberg,Scarlett Johansson,Medium,No
31,12 Monkeys (Twelve Monkeys) (1995),Fantasy,4,427,New,Medium,High,Unknown,Denzel Washington,High,No
32,Wings of Courage (1995),Horror,3.8,243,New,Short,High,Steven Spielberg,Tom Hanks,Low,No
33,Babe (1995),Comedy,4.6,459,Old,Long,High,Steven Spielberg,Scarlett Johansson,High,Yes
34,Carrington (1995),Fantasy,2.6,864,New,Long,Medium,Christopher Nolan,Unknown,Low,No
35,Dead Man Walking (1995),Sci-Fi,4.3,236,Old,Long,Medium,Martin Scorsese,Meryl Streep,Medium,Yes
36,Across the Sea of Time (1995),Comedy,4.2,526,New,Long,Low,Christopher Nolan,Meryl Streep,Low,Yes
37,It Takes Two (1995),Action,3.7,294,New,Short,High,Unknown,Unknown,Medium,No
38,Clueless (1995),Romance,3.4,350,New,Medium,Low,Steven Spielberg,Tom Hanks,Low,No
39, the Beloved Country (1995),Sci-Fi,4.6,868,New,Short,Low,James Cameron,Scarlett Johansson,Low,No
40,Richard III (1995),Action,3,310,Old,Long,Medium,Christopher Nolan,Unknown,Medium,No
41,Dead Presidents (1995),Comedy,4.9,365,Old,Short,Low,James Cameron,Denzel Washington,Low,Yes
42,Restoration (1995),Action,2,580,Old,Long,Low,Christopher Nolan,Denzel Washington,High,Yes
43,Mortal Kombat (1995),Horror,4.8,611,New,Medium,High,Martin Scorsese,Scarlett Johansson,Medium,Yes
44,To Die For (1995),Drama,4.9,153,Old,Long,Low,Martin Scorsese,Leonardo DiCaprio,High,No
45,How to Make an American Quilt (1995),Horror,2.4,599,Old,Medium,Low,Christopher Nolan,Leonardo DiCaprio,High,Yes
46,Seven (a.k.a. Se7en) (1995),Comedy,5,892,New,Medium,Medium,Christopher Nolan,Meryl Streep,High,Yes
47,Pocahontas (1995),Horror,3.4,516,Old,Short,Low,Unknown,Tom Hanks,High,Yes
48,When Night Is Falling (1995),Sci-Fi,2.7,827,Old,Short,Medium,Martin Scorsese,Meryl Streep,High,Yes
49,Usual Suspects,Comedy,3.8,371,Old,Short,High,James Cameron,Tom Hanks,Low,Yes
50,Guardian Angel (1994),Horror,2.6,935,New,Short,Medium,Martin Scorsese,Tom Hanks,Low,No
51,Mighty Aphrodite (1995),Romance,4.7,718,New,Medium,Low,Christopher Nolan,Unknown,Low,Yes
52,Lamerica (1994),Fantasy,3.7,800,Old,Medium,Low,James Cameron,Tom Hanks,Medium,Yes
53,Big Green,Romance,4.3,69,New,Long,High,Christopher Nolan,Unknown,Medium,Yes
54,Georgia (1995),Horror,3.1,67,New,Medium,Medium,Quentin Tarantino,Tom Hanks,Low,No
55,Kids of the Round Table (1995),Fantasy,3.6,121,Old,Short,Low,Christopher Nolan,Denzel Washington,Low,No
56,Home for the Holidays (1995),Fantasy,3.1,661,Old,Medium,High,Martin Scorsese,Unknown,Medium,Yes
57,Postman,Sci-Fi,2.8,822,New,Long,Low,Steven Spielberg,Scarlett Johansson,Medium,Yes
58,Confessional,Sci-Fi,3.5,876,New,Short,Medium,Martin Scorsese,Tom Hanks,High,Yes
59,Indian in the Cupboard,Action,3.5,490,Old,Short,Medium,Martin Scorsese,Scarlett Johansson,Low,No
60,Eye for an Eye (1996),Sci-Fi,2.3,36,Old,Medium,Low,Unknown,Tom Hanks,Low,Yes
61,Mr. Holland's Opus (1995),Comedy,4.9,147,New,Medium,High,James Cameron,Unknown,Medium,Yes
62,Don't Be a Menace to South Central While Drinking Your Juice in the Hood (1996),Romance,3.4,971,Old,Long,High,Unknown,Denzel Washington,Medium,No
63,Two if by Sea (1996),Comedy,4.5,898,Old,Short,High,Unknown,Denzel Washington,Low,Yes
64,Bio-Dome (1996),Romance,4.7,181,Old,Medium,High,Unknown,Scarlett Johansson,High,No
65,Lawnmower Man 2,Drama,3.1,471,Old,Long,Low,Quentin Tarantino,Scarlett Johansson,Medium,No
66,Two Bits (1995),Sci-Fi,3.2,487,Old,Short,High,James Cameron,Meryl Streep,High,Yes
67,French Twist (Gazon maudit) (1995),Horror,3.7,20,Old,Short,High,Christopher Nolan,Meryl Streep,Low,Yes
68,Friday (1995),Romance,2.7,458,Old,Medium,High,Steven Spielberg,Leonardo DiCaprio,High,No
69,From Dusk Till Dawn (1996),Horror,2.4,227,Old,Medium,Medium,Martin Scorsese,Meryl Streep,Low,No
70,Fair Game (1995),Drama,2.8,725,New,Short,Low,Steven Spielberg,Unknown,High,No
71,Kicking and Screaming (1995),Comedy,4.8,951,New,Short,High,Steven Spielberg,Meryl Streep,Medium,No
72,Misérables,Horror,3.7,155,Old,Long,High,Christopher Nolan,Unknown,Medium,Yes
73,Bed of Roses (1996),Romance,3.3,923,New,Short,Medium,Christopher Nolan,Tom Hanks,Low,No
74,Big Bully (1996),Drama,2.5,685,Old,Medium,High,Steven Spielberg,Unknown,Medium,Yes
75,Screamers (1995),Romance,3,329,Old,Short,High,Martin Scorsese,Unknown,High,No
76,Nico Icon (1995),Drama,3.1,182,Old,Short,Low,Christopher Nolan,Unknown,High,No
77,Crossing Guard,Sci-Fi,4.5,915,Old,Long,Medium,Martin Scorsese,Leonardo DiCaprio,High,Yes
78,Juror,Fantasy,3.5,975,New,Medium,Medium,Christopher Nolan,Meryl Streep,Low,Yes
79,White Balloon,Fantasy,4,917,Old,Long,Medium,Martin Scorsese,Meryl Streep,High,No
80,Things to Do in Denver When You're Dead (1995),Sci-Fi,4.1,300,Old,Medium,High,Unknown,Scarlett Johansson,High,No
81,Antonia's Line (Antonia) (1995),Sci-Fi,2.8,115,New,Medium,Medium,Martin Scorsese,Leonardo DiCaprio,Medium,No
82,Once Upon a Time... When We Were Colored (1995),Sci-Fi,4.5,690,Old,Medium,High,Quentin Tarantino,Leonardo DiCaprio,Low,Yes
83,Last Summer in the Hamptons (1995),Fantasy,4.9,389,Old,Medium,Low,Christopher Nolan,Leonardo DiCaprio,High,Yes
84,Angels and Insects (1995),Sci-Fi,3.9,276,New,Medium,Low,Unknown,Scarlett Johansson,High,Yes
85,White Squall (1996),Drama,3.5,104,Old,Short,High,Unknown,Denzel Washington,Medium,Yes
86,Dunston Checks In (1996),Romance,2.5,400,Old,Short,Medium,Quentin Tarantino,Leonardo DiCaprio,Low,Yes
87,Black Sheep (1996),Horror,4.4,700,New,Long,Low,Steven Spielberg,Leonardo DiCaprio,Low,No
88,Nick of Time (1995),Comedy,2.5,945,New,Short,High,Martin Scorsese,Scarlett Johansson,Medium,No
89,Journey of August King,Comedy,4.2,684,New,Long,Medium,Martin Scorsese,Denzel Washington,Medium,No
90,Mary Reilly (1996),Drama,3.5,189,Old,Medium,Low,James Cameron,Leonardo DiCaprio,Medium,No
91,Vampire in Brooklyn (1995),Romance,4.8,73,New,Short,High,Christopher Nolan,Leonardo DiCaprio,Medium,No
92,Beautiful Girls (1996),Drama,3.6,425,New,Medium,High,Steven Spielberg,Tom Hanks,Low,No
93,Broken Arrow (1996),Comedy,3.9,660,Old,Long,High,Steven Spielberg,Denzel Washington,Low,Yes
94,In the Bleak Midwinter (1995),Drama,2.2,332,New,Short,High,Christopher Nolan,Meryl Streep,High,No
95,Hate (Haine,Fantasy,2.1,763,Old,Short,Medium,James Cameron,Leonardo DiCaprio,High,No
96,Shopping (1994),Drama,4.5,736,Old,Long,High,James Cameron,Unknown,High,No
97,Heidi Fleiss,Sci-Fi,4.8,793,New,Short,High,Christopher Nolan,Scarlett Johansson,Low,Yes
98,City Hall (1996),Comedy,4,259,New,Long,High,Martin Scorsese,Tom Hanks,High,Yes
99,Bottle Rocket (1996),Sci-Fi,4.3,459,New,Long,High,Martin Scorsese,Meryl Streep,High,No
100,Mr. Wrong (1996),Sci-Fi,3.2,691,Old,Short,Low,Unknown,Meryl Streep,Medium,Yes
101,Unforgettable (1996),Horror,4.5,113,Old,Short,High,Steven Spielberg,Unknown,Low,Yes
102,Happy Gilmore (1996),Drama,2.7,740,Old,Long,Low,Christopher Nolan,Tom Hanks,Medium,Yes
103,Bridges of Madison County,Horror,4.1,117,New,Medium,Medium,Martin Scorsese,Scarlett Johansson,High,Yes
104,Nobody Loves Me (Keiner liebt mich) (1994),Drama,2,21,New,Medium,Medium,James Cameron,Unknown,Low,No
105,Muppet Treasure Island (1996),Romance,3.5,238,New,Short,Low,Christopher Nolan,Meryl Streep,Medium,Yes
106,Catwalk (1996),Fantasy,3.1,508,New,Short,High,Steven Spielberg,Meryl Streep,High,Yes
107,Headless Body in Topless Bar (1995),Sci-Fi,3.9,99,Old,Medium,Low,Martin Scorsese,Denzel Washington,High,No
108,Braveheart (1995),Drama,4,155,Old,Long,Low,Martin Scorsese,Meryl Streep,Low,No
109,Taxi Driver (1976),Drama,3.8,627,New,Long,Low,James Cameron,Leonardo DiCaprio,Medium,Yes
110,Rumble in the Bronx (Hont faan kui) (1995),Action,3.4,251,New,Medium,High,Martin Scorsese,Leonardo DiCaprio,High,No
111,Before and After (1996),Romance,3.5,551,Old,Short,High,Martin Scorsese,Unknown,High,No
112,Margaret's Museum (1995),Sci-Fi,2,716,New,Short,Low,James Cameron,Tom Hanks,Low,Yes
113,Happiness Is in the Field (Bonheur est dans le pré,Romance,3.7,475,Old,Short,Medium,James Cameron,Tom Hanks,Low,Yes
114,Anne Frank Remembered (1995),Horror,2,29,Old,Medium,Low,Steven Spielberg,Scarlett Johansson,Low,Yes
115,Young Poisoner's Handbook,Horror,3.6,28,Old,Medium,Medium,Unknown,Scarlett Johansson,High,No
116,If Lucy Fell (1996),Fantasy,2.8,732,New,Medium,Medium,Christopher Nolan,Denzel Washington,High,No
117,Steal Big,Drama,4.9,371,New,Long,High,Martin Scorsese,Tom Hanks,Medium,Yes
118,Race the Sun (1996),Fantasy,2.1,856,New,Long,Medium,Martin Scorsese,Denzel Washington,Medium,No
119,Boys of St. Vincent,Fantasy,4.4,143,New,Long,Low,James Cameron,Scarlett Johansson,High,No
120,Boomerang (1992),Comedy,4,900,New,Long,Low,Unknown,Meryl Streep,High,No
121,Chungking Express (Chóngqìng Senlín) (1994),Drama,4.4,452,New,Medium,High,Unknown,Unknown,High,Yes
122,Star Maker,Action,4.7,730,New,Medium,Medium,Steven Spielberg,Denzel Washington,Low,Yes
123,Flirting With Disaster (1996),Drama,2.3,155,New,Long,Low,Martin Scorsese,Meryl Streep,Low,No
124,NeverEnding Story III,Sci-Fi,2.3,509,Old,Short,Medium,Steven Spielberg,Denzel Washington,Medium,No
125,Silence of the Palace,Action,2.4,92,Old,Medium,Medium,Quentin Tarantino,Denzel Washington,Medium,No
126,Jupiter's Wife (1994),Drama,2.6,254,New,Medium,High,James Cameron,Scarlett Johansson,Medium,Yes
127,Pie in the Sky (1996),Horror,3.6,412,Old,Medium,Low,Unknown,Unknown,Low,Yes
128,Angela (1995),Sci-Fi,4.4,111,Old,Short,Low,Martin Scorsese,Unknown,Low,Yes
129,Frankie Starlight (1995),Drama,2.8,768,New,Short,Low,Steven Spielberg,Unknown,Medium,No
130,Jade (1995),Sci-Fi,3.2,845,Old,Medium,Medium,Christopher Nolan,Denzel Washington,Low,No
131,Nueba Yol (1995),Horror,3.1,124,New,Short,High,Steven Spielberg,Scarlett Johansson,Medium,No
132,Sonic Outlaws (1995),Comedy,3.2,125,New,Short,Low,Steven Spielberg,Denzel Washington,High,No
133,Down Periscope (1996),Comedy,3.7,340,Old,Short,High,Quentin Tarantino,Unknown,High,Yes
134,From the Journals of Jean Seberg (1995),Fantasy,5,396,Old,Long,High,Martin Scorsese,Unknown,Low,Yes
135,Man of the Year (1995),Romance,2.7,922,Old,Short,High,Unknown,Denzel Washington,High,No
136,Neon Bible,Drama,4.1,326,Old,Short,Medium,Unknown,Tom Hanks,Medium,Yes
137,Target (1995),Romance,4.5,160,Old,Long,Medium,Martin Scorsese,Tom Hanks,Medium,No
138,Up Close and Personal (1996),Sci-Fi,4,411,New,Short,High,James Cameron,Scarlett Johansson,Low,No
139,Birdcage,Drama,4.6,812,Old,Long,High,Steven Spielberg,Denzel Washington,Medium,No
140,Shadows (Cienie) (1988),Comedy,4.3,852,Old,Long,Medium,Christopher Nolan,Meryl Streep,High,No
141,Gospa (1995),Action,2.3,791,New,Short,Low,Quentin Tarantino,Leonardo DiCaprio,Medium,Yes
142,Brothers McMullen,Romance,3.1,915,New,Short,High,Steven Spielberg,Scarlett Johansson,High,No
143,Bad Boys (1995),Sci-Fi,3.7,156,Old,Medium,Medium,Christopher Nolan,Tom Hanks,Low,No
144,Amazing Panda Adventure,Romance,2.2,676,Old,Long,High,James Cameron,Tom Hanks,Low,Yes
145,Basketball Diaries,Comedy,2,713,Old,Long,Low,Quentin Tarantino,Scarlett Johansson,Medium,Yes
146,Awfully Big Adventure,Comedy,2.5,166,New,Short,Low,Martin Scorsese,Tom Hanks,High,No
147,Amateur (1994),Action,3.5,90,New,Medium,High,Martin Scorsese,Meryl Streep,Low,No
148,Apollo 13 (1995),Sci-Fi,3.3,563,Old,Long,Low,Steven Spielberg,Tom Hanks,Medium,Yes
149,Rob Roy (1995),Romance,4.4,596,New,Medium,High,Quentin Tarantino,Leonardo DiCaprio,Medium,Yes
150,Addiction,Comedy,3.7,28,Old,Long,Low,Christopher Nolan,Leonardo DiCaprio,High,No
151,Batman Forever (1995),Sci-Fi,4.6,644,Old,Long,Medium,James Cameron,Denzel Washington,High,Yes
152,Belle de jour (1967),Comedy,2.3,685,New,Short,High,Unknown,Meryl Streep,Low,No
153,Beyond Rangoon (1995),Action,3.6,188,New,Long,High,Unknown,Tom Hanks,High,No
154,Blue in the Face (1995),Action,2.1,470,Old,Short,Medium,James Cameron,Tom Hanks,High,Yes
155,Canadian Bacon (1995),Horror,2.6,379,New,Long,Low,Martin Scorsese,Scarlett Johansson,High,No
156,Casper (1995),Drama,4.6,759,Old,Short,Medium,Martin Scorsese,Denzel Washington,High,Yes
157,Clockers (1995),Sci-Fi,4.7,238,Old,Long,Low,James Cameron,Leonardo DiCaprio,Low,Yes
158,Congo (1995),Horror,3.4,663,Old,Short,Low,Martin Scorsese,Unknown,Low,No
159,Crimson Tide (1995),Action,2.1,786,Old,Short,High,James Cameron,Scarlett Johansson,Low,No
160,Crumb (1994),Sci-Fi,2.2,175,Old,Long,Medium,Steven Spielberg,Scarlett Johansson,Medium,Yes
161,Desperado (1995),Fantasy,4.8,961,Old,Short,Medium,Unknown,Tom Hanks,Medium,No
162,Devil in a Blue Dress (1995),Comedy,4.7,441,New,Medium,Medium,Christopher Nolan,Leonardo DiCaprio,Medium,No
163,Die Hard,Action,3.7,650,Old,Medium,Medium,Unknown,Scarlett Johansson,High,Yes
164,Doom Generation,Romance,2.1,723,New,Medium,Low,Quentin Tarantino,Tom Hanks,High,No
165,Feast of July (1995),Comedy,4.8,473,Old,Short,High,Steven Spielberg,Denzel Washington,Low,Yes
166,First Knight (1995),Horror,2.9,900,Old,Long,High,Quentin Tarantino,Meryl Streep,Low,No
167,Free Willy 2,Sci-Fi,4.9,242,New,Medium,Medium,James Cameron,Leonardo DiCaprio,High,No
168,Hackers (1995),Horror,3.8,108,Old,Medium,High,Christopher Nolan,Denzel Washington,Medium,No
169,Jeffrey (1995),Horror,4.3,938,New,Long,High,Steven Spielberg,Tom Hanks,Medium,Yes
170,Johnny Mnemonic (1995),Sci-Fi,4.1,122,Old,Short,Low,Unknown,Meryl Streep,Medium,No
171,Judge Dredd (1995),Comedy,3.2,163,Old,Short,Low,Martin Scorsese,Scarlett Johansson,Medium,Yes
172,Jury Duty (1995),Fantasy,2.2,790,Old,Long,High,Quentin Tarantino,Denzel Washington,Low,Yes
173,Kids (1995),Drama,2.5,146,Old,Long,Medium,Quentin Tarantino,Scarlett Johansson,Medium,No
174,Living in Oblivion (1995),Drama,2.7,623,Old,Long,Medium,Martin Scorsese,Scarlett Johansson,Medium,Yes
175,Lord of Illusions (1995),Drama,4.5,767,New,Short,Low,Steven Spielberg,Meryl Streep,High,Yes
176,Love & Human Remains (1993),Sci-Fi,3.2,413,Old,Medium,High,Martin Scorsese,Meryl Streep,High,Yes
177,Mad Love (1995),Action,4.7,379,New,Medium,High,Quentin Tarantino,Unknown,Low,No
178,Mallrats (1995),Fantasy,3,459,New,Long,High,Martin Scorsese,Unknown,Medium,Yes
179,Mighty Morphin Power Rangers,Action,4.3,342,Old,Short,Low,Quentin Tarantino,Unknown,Low,No
180,Moonlight and Valentino (1995),Sci-Fi,2.4,830,New,Long,Low,Unknown,Scarlett Johansson,Medium,Yes
181,Mute Witness (1994),Romance,5,163,New,Long,High,Steven Spielberg,Scarlett Johansson,High,Yes
182,Nadja (1994),Comedy,4.2,273,New,Medium,Medium,Christopher Nolan,Meryl Streep,Medium,No
183,Net,Romance,3.5,303,Old,Long,Medium,Steven Spielberg,Tom Hanks,High,No
184,Nine Months (1995),Sci-Fi,4.9,680,Old,Long,Low,Martin Scorsese,Leonardo DiCaprio,Low,No
185,Party Girl (1995),Sci-Fi,2.2,106,New,Long,Medium,Martin Scorsese,Scarlett Johansson,Medium,No
186,Prophecy,Fantasy,3.3,274,New,Short,Medium,Steven Spielberg,Unknown,Low,Yes
187,Reckless (1995),Action,4.5,586,New,Medium,High,Christopher Nolan,Meryl Streep,Low,Yes
188,Safe (1995),Comedy,3,635,Old,Short,High,Quentin Tarantino,Denzel Washington,Low,Yes
189,Scarlet Letter,Horror,4.3,634,New,Long,Medium,Martin Scorsese,Denzel Washington,High,Yes
190,Show,Fantasy,4.9,758,Old,Long,Low,Martin Scorsese,Unknown,Medium,Yes
191,Showgirls (1995),Comedy,3.2,642,Old,Long,High,Steven Spielberg,Unknown,Low,No
192,Smoke (1995),Action,4.3,311,New,Short,Medium,Quentin Tarantino,Tom Hanks,High,No
193,Something to Talk About (1995),Fantasy,2.1,817,New,Medium,High,Quentin Tarantino,Tom Hanks,Low,Yes
194,Species (1995),Horror,2.8,983,New,Short,High,Martin Scorsese,Unknown,Low,Yes
195,Stars Fell on Henrietta,Fantasy,5,727,Old,Short,Medium,Quentin Tarantino,Unknown,High,No
196,Strange Days (1995),Horror,3.5,47,Old,Medium,Medium,Unknown,Denzel Washington,Low,Yes
197,Umbrellas of Cherbourg,Comedy,3.1,888,Old,Short,Low,Steven Spielberg,Tom Hanks,Low,Yes
198,Tie That Binds,Sci-Fi,4.8,887,New,Long,Medium,Unknown,Scarlett Johansson,High,No
199,Three Wishes (1995),Fantasy,3.3,694,Old,Short,High,Christopher Nolan,Meryl Streep,Low,No
200,Total Eclipse (1995),Drama,4,916,Old,Medium,Low,Unknown,Leonardo DiCaprio,Medium,Yes
201,To Wong Foo,Action,4,328,New,Long,Medium,James Cameron,Meryl Streep,Low,Yes
202,Under Siege 2,Action,2.3,230,Old,Short,High,Unknown,Meryl Streep,Medium,No
203,Unstrung Heroes (1995),Drama,3.9,550,Old,Medium,Low,Christopher Nolan,Tom Hanks,High,Yes
204,Unzipped (1995),Romance,4.4,641,New,Long,Low,Steven Spielberg,Leonardo DiCaprio,Low,No
205,Walk in the Clouds,Romance,4.1,541,Old,Medium,Low,Unknown,Unknown,Medium,Yes
206,Waterworld (1995),Action,2.2,213,New,Medium,High,Christopher Nolan,Scarlett Johansson,Medium,No
207,White Man's Burden (1995),Drama,2.5,785,Old,Short,High,James Cameron,Denzel Washington,Medium,Yes
208,Wild Bill (1995),Drama,4.1,421,Old,Short,Low,Christopher Nolan,Scarlett Johansson,Low,Yes
209,Browning Version,Horror,3.9,322,New,Long,High,Martin Scorsese,Tom Hanks,Medium,No
210,Bushwhacked (1995),Sci-Fi,4.2,681,New,Medium,Low,Steven Spielberg,Unknown,Low,No
211,Burnt by the Sun (Utomlyonnye solntsem) (1994),Romance,3,75,Old,Short,Low,Quentin Tarantino,Denzel Washington,High,No
212,Before the Rain (Pred dozhdot) (1994),Romance,2.3,822,Old,Long,High,Martin Scorsese,Scarlett Johansson,High,No
213,Before Sunrise (1995),Horror,2,939,New,Medium,High,Martin Scorsese,Meryl Streep,Low,Yes
214,Billy Madison (1995),Comedy,2.9,832,New,Medium,Low,Unknown,Tom Hanks,Low,No
215,Babysitter,Fantasy,3.1,997,Old,Short,High,Unknown,Leonardo DiCaprio,High,Yes
216,Boys on the Side (1995),Romance,2.8,265,New,Short,Medium,Unknown,Meryl Streep,High,Yes
217,Cure,Horror,2.4,526,Old,Short,Low,James Cameron,Leonardo DiCaprio,Medium,No
218,Castle Freak (1995),Drama,2.6,415,Old,Long,Low,Christopher Nolan,Denzel Washington,High,Yes
219,Circle of Friends (1995),Comedy,3.3,135,Old,Short,High,Steven Spielberg,Leonardo DiCaprio,Medium,Yes
220,Clerks (1994),Fantasy,3.7,266,New,Short,High,Unknown,Meryl Streep,High,Yes
221,Don Juan DeMarco (1995),Action,3.2,531,New,Long,High,James Cameron,Leonardo DiCaprio,High,Yes
222,Disclosure (1994),Drama,2.1,673,Old,Long,Medium,James Cameron,Tom Hanks,Low,No
223,Dream Man (1995),Comedy,3.1,628,Old,Medium,High,Christopher Nolan,Tom Hanks,High,No
224,Drop Zone (1994),Sci-Fi,2.3,92,Old,Short,Low,Steven Spielberg,Meryl Streep,High,No
225,Destiny Turns on the Radio (1995),Horror,3.8,560,New,Short,High,Martin Scorsese,Unknown,High,Yes
226,Death and the Maiden (1994),Sci-Fi,3,930,New,Long,High,Steven Spielberg,Scarlett Johansson,Low,No
227,Dolores Claiborne (1995),Drama,3.2,32,New,Short,Low,James Cameron,Unknown,Medium,Yes
228,Dumb & Dumber (1994),Sci-Fi,2.9,389,Old,Long,Low,James Cameron,Leonardo DiCaprio,High,Yes
229,Eat Drink Man Woman (Yin shi nan nu) (1994),Comedy,3.2,976,New,Long,Medium,Quentin Tarantino,Meryl Streep,High,Yes
230,Exotica (1994),Action,2.3,344,New,Short,High,Christopher Nolan,Leonardo DiCaprio,High,No
231,Exit to Eden (1994),Sci-Fi,4.7,155,New,Medium,Medium,Quentin Tarantino,Meryl Streep,Low,No
232,Ed Wood (1994),Drama,4.7,416,New,Long,Low,James Cameron,Leonardo DiCaprio,Medium,No
233,French Kiss (1995),Fantasy,4.9,901,New,Short,Low,Martin Scorsese,Scarlett Johansson,Low,Yes
234,Forget Paris (1995),Drama,3.7,879,Old,Medium,Low,James Cameron,Meryl Streep,Low,Yes
235,Far From Home,Romance,2.5,602,New,Medium,Low,Unknown,Tom Hanks,Medium,Yes
236,Goofy Movie,Sci-Fi,3.1,450,Old,Medium,Low,Steven Spielberg,Scarlett Johansson,Low,No
237,Hideaway (1995),Fantasy,2.4,394,Old,Medium,Medium,Steven Spielberg,Tom Hanks,High,Yes
238,Fluke (1995),Comedy,2.9,579,New,Short,High,Martin Scorsese,Scarlett Johansson,High,Yes
239,Farinelli,Comedy,3.5,719,Old,Short,Low,Unknown,Tom Hanks,Medium,No
240,Gordy (1995),Romance,2.2,196,Old,Short,High,Martin Scorsese,Scarlett Johansson,Low,Yes
241,Gumby,Fantasy,3.3,801,New,Short,Low,Quentin Tarantino,Unknown,Medium,Yes
242,Glass Shield,Sci-Fi,3.3,502,Old,Medium,Medium,Unknown,Leonardo DiCaprio,High,No
243,Hoop Dreams (1994),Horror,3.5,997,New,Medium,Medium,Martin Scorsese,Tom Hanks,Low,No
244,Heavenly Creatures (1994),Fantasy,2.2,808,New,Long,Medium,James Cameron,Leonardo DiCaprio,Low,Yes
245,Houseguest (1994),Horror,2.8,94,Old,Medium,Medium,Christopher Nolan,Meryl Streep,Medium,No
246,Immortal Beloved (1994),Romance,2.7,37,Old,Medium,High,Unknown,Leonardo DiCaprio,High,No
247,Heavyweights (a.k.a. Heavy Weights) (1995),Drama,3.9,621,New,Long,Medium,Steven Spielberg,Tom Hanks,Medium,No
248,Hunted,Action,3.8,89,Old,Short,Medium,Steven Spielberg,Scarlett Johansson,High,No
249,I.Q. (1994),Horror,2.6,34,New,Short,Medium,James Cameron,Leonardo DiCaprio,High,Yes
250,Interview with the Vampire,Sci-Fi,2.3,288,Old,Short,Low,Christopher Nolan,Denzel Washington,Medium,Yes
251,Jefferson in Paris (1995),Action,2.9,240,Old,Short,Medium,Unknown,Scarlett Johansson,Low,No
252,Jerky Boys,Comedy,4.8,60,Old,Short,High,Martin Scorsese,Meryl Streep,Low,Yes
253,Junior (1994),Comedy,3,964,New,Long,Low,Quentin Tarantino,Meryl Streep,Medium,Yes
254,Just Cause (1995),Horror,3.9,81,New,Long,High,Christopher Nolan,Tom Hanks,High,No
255,Kid in King Arthur's Court,Drama,4.4,991,Old,Short,Low,James Cameron,Scarlett Johansson,Medium,Yes
256,Kiss of Death (1995),Comedy,3,828,New,Medium,High,Martin Scorsese,Leonardo DiCaprio,Low,No
257,Star Wars,Action,3,427,Old,Medium,High,Martin Scorsese,Leonardo DiCaprio,Medium,No
258,Little Women (1994),Drama,4.4,538,New,Medium,High,Martin Scorsese,Unknown,High,No
259,Little Princess,Horror,4.6,313,Old,Long,Low,Unknown,Meryl Streep,High,No
260,Ladybird Ladybird (1994),Comedy,4.9,663,Old,Medium,High,Christopher Nolan,Scarlett Johansson,Low,Yes
261,Enfer,Horror,2.4,749,Old,Long,High,Martin Scorsese,Scarlett Johansson,Medium,Yes
262,Like Water for Chocolate (Como agua para chocolate) (1992),Fantasy,3,533,New,Short,Low,Christopher Nolan,Meryl Streep,Medium,Yes
263,Legends of the Fall (1994),Drama,4.8,805,Old,Medium,High,Unknown,Unknown,High,No
264,Major Payne (1995),Drama,2.6,445,Old,Medium,Low,James Cameron,Leonardo DiCaprio,High,No
265,Little Odessa (1994),Drama,2.9,453,New,Short,Medium,Quentin Tarantino,Meryl Streep,Low,No
266,My Crazy Life (Mi vida loca) (1993),Romance,4.9,738,New,Short,High,Christopher Nolan,Scarlett Johansson,Low,Yes
267,Love Affair (1994),Sci-Fi,4.9,431,New,Medium,Low,Unknown,Unknown,Low,No
268,Losing Isaiah (1995),Romance,2.9,104,New,Medium,Medium,James Cameron,Leonardo DiCaprio,High,No
269,Madness of King George,Action,4.1,675,Old,Medium,High,Christopher Nolan,Denzel Washington,Medium,No
270,Frankenstein (Mary Shelley's Frankenstein) (1994),Drama,3.5,569,Old,Medium,Medium,James Cameron,Unknown,High,No
271,Man of the House (1995),Sci-Fi,3.7,570,Old,Medium,High,Quentin Tarantino,Meryl Streep,High,Yes
272,Mixed Nuts (1994),Drama,2.7,650,New,Long,Low,Steven Spielberg,Scarlett Johansson,Low,Yes
273,Milk Money (1994),Sci-Fi,3.1,176,New,Medium,Medium,Quentin Tarantino,Scarlett Johansson,Low,No
274,Miracle on 34th Street (1994),Comedy,4.4,304,Old,Medium,Medium,Unknown,Unknown,Low,Yes
275,Miami Rhapsody (1995),Action,3.2,105,Old,Long,Medium,Steven Spielberg,Tom Hanks,High,No
276,My Family (1995),Sci-Fi,2.3,337,New,Short,Medium,Steven Spielberg,Tom Hanks,Medium,No
277,Murder in the First (1995),Action,3.7,100,Old,Short,High,Martin Scorsese,Meryl Streep,Medium,No
278,Nobody's Fool (1994),Horror,3.8,543,New,Short,Low,Christopher Nolan,Unknown,Medium,Yes
279,Nell (1994),Drama,3.6,963,Old,Long,Medium,Martin Scorsese,Unknown,Medium,No
280,New Jersey Drive (1995),Comedy,4,228,New,Long,Low,James Cameron,Leonardo DiCaprio,High,No
281,New York Cop (Nyû Yôku no koppu) (1993),Horror,3.7,847,New,Short,High,Unknown,Unknown,Low,Yes
282,Beyond Bedlam (1993),Sci-Fi,4.9,179,Old,Short,Low,Unknown,Denzel Washington,Low,Yes
283,Nemesis 2,Romance,3.4,569,Old,Short,Low,James Cameron,Denzel Washington,Medium,No
284,Nina Takes a Lover (1994),Sci-Fi,4.1,354,Old,Medium,High,James Cameron,Leonardo DiCaprio,High,Yes
285,Natural Born Killers (1994),Fantasy,3.3,420,Old,Long,Medium,Martin Scorsese,Tom Hanks,Medium,No
286,Only You (1994),Drama,2.9,620,Old,Medium,High,Quentin Tarantino,Scarlett Johansson,Medium,Yes
287,Once Were Warriors (1994),Sci-Fi,4.1,669,New,Long,Medium,Unknown,Unknown,High,No
288,Poison Ivy II (1996),Action,4.5,801,Old,Long,High,Martin Scorsese,Tom Hanks,Medium,No
289,Outbreak (1995),Sci-Fi,4.4,874,New,Medium,Low,Martin Scorsese,Meryl Streep,Low,No
290,Léon,Drama,3.2,685,Old,Short,Medium,Quentin Tarantino,Tom Hanks,High,No
291,Perez Family,Drama,3.5,717,New,Long,High,Quentin Tarantino,Leonardo DiCaprio,Medium,Yes
292,Pyromaniac's Love Story,Romance,3.9,678,New,Medium,High,Quentin Tarantino,Unknown,Low,Yes
293,Pulp Fiction (1994),Comedy,2.7,87,New,Medium,High,Christopher Nolan,Meryl Streep,High,Yes
294,Panther (1995),Comedy,4,337,New,Long,Medium,Martin Scorsese,Leonardo DiCaprio,Medium,No
295,Pushing Hands (Tui shou) (1992),Comedy,4.1,735,New,Short,Low,Christopher Nolan,Meryl Streep,Medium,No
296,Priest (1994),Horror,4.4,467,Old,Long,High,Steven Spielberg,Unknown,Low,Yes
297,Quiz Show (1994),Comedy,2.2,767,New,Long,High,Steven Spielberg,Scarlett Johansson,High,No
298,Picture Bride (Bijo photo) (1994),Horror,5,996,Old,Short,Low,Martin Scorsese,Tom Hanks,Medium,Yes
299,Queen Margot (La Reine Margot) (1994),Sci-Fi,3.4,886,New,Medium,Low,James Cameron,Leonardo DiCaprio,Low,No
300,Quick and the Dead,Romance,3.2,264,New,Medium,Low,Quentin Tarantino,Meryl Streep,Low,No
301,Roommates (1995),Drama,3.5,79,New,Short,Low,Christopher Nolan,Tom Hanks,Medium,No
302,Ready to Wear (Pret-A-Porter) (1994),Horror,4.8,270,Old,Medium,High,Steven Spielberg,Denzel Washington,Medium,Yes
303,Three Colors,Sci-Fi,4.1,108,New,Medium,High,Martin Scorsese,Leonardo DiCaprio,High,Yes
304,Three Colors,Romance,3.6,966,Old,Short,Medium,James Cameron,Scarlett Johansson,Low,Yes
305,Three Colors,Horror,4.4,464,New,Short,High,Martin Scorsese,Meryl Streep,Low,No
306,Red Firecracker,Fantasy,3.1,138,New,Medium,High,James Cameron,Leonardo DiCaprio,High,Yes
307,Rent-a-Kid (1995),Romance,4.7,484,New,Long,Low,Martin Scorsese,Leonardo DiCaprio,Medium,No
308,Relative Fear (1994),Fantasy,3.6,646,New,Medium,Medium,Quentin Tarantino,Denzel Washington,High,No
309,Stuart Saves His Family (1995),Sci-Fi,3.9,643,Old,Short,Low,Quentin Tarantino,Unknown,High,Yes
310,Swan Princess,Fantasy,2.3,76,New,Long,High,James Cameron,Scarlett Johansson,High,No
311,Secret of Roan Inish,Comedy,4.3,336,Old,Long,High,Martin Scorsese,Unknown,High,Yes
312,Specialist,Fantasy,4,702,Old,Long,High,Quentin Tarantino,Denzel Washington,High,No
313,Stargate (1994),Comedy,3.1,779,Old,Long,Medium,Martin Scorsese,Meryl Streep,Low,No
314,Santa Clause,Sci-Fi,3.9,693,Old,Long,Low,Martin Scorsese,Tom Hanks,Medium,Yes
315,Shawshank Redemption,Fantasy,2.1,778,New,Long,Medium,Quentin Tarantino,Leonardo DiCaprio,Low,Yes
316,Shallow Grave (1994),Romance,5,199,New,Long,High,Unknown,Meryl Streep,High,No
317,Suture (1993),Fantasy,4,142,Old,Short,High,Steven Spielberg,Meryl Streep,Low,No
318,Strawberry and Chocolate (Fresa y chocolate) (1993),Fantasy,3.2,32,Old,Long,Low,Steven Spielberg,Scarlett Johansson,Medium,No
319,Swimming with Sharks (1995),Action,4.3,744,New,Medium,Low,Martin Scorsese,Leonardo DiCaprio,Medium,Yes
320,Sum of Us,Romance,4.9,160,New,Long,Low,Steven Spielberg,Unknown,High,Yes
321,National Lampoon's Senior Trip (1995),Horror,3.3,738,New,Long,Low,Christopher Nolan,Denzel Washington,Medium,Yes
322,To Live (Huozhe) (1994),Romance,2,31,Old,Long,High,Quentin Tarantino,Tom Hanks,Medium,Yes
323,Tank Girl (1995),Sci-Fi,2.8,187,New,Long,Medium,Steven Spielberg,Unknown,High,Yes
324,Tales from the Crypt Presents,Drama,3.5,528,New,Long,Low,Unknown,Leonardo DiCaprio,Low,Yes
325,Star Trek,Action,3.6,995,Old,Short,Low,Steven Spielberg,Leonardo DiCaprio,Low,Yes
326,Tales from the Hood (1995),Romance,3.7,375,New,Medium,Low,Martin Scorsese,Tom Hanks,High,No
327,Tom & Viv (1994),Action,3.7,555,Old,Long,High,James Cameron,Unknown,Low,No
328,Village of the Damned (1995),Action,3.3,549,Old,Long,High,Steven Spielberg,Meryl Streep,High,No
329,Tommy Boy (1995),Fantasy,3.2,821,Old,Short,Low,James Cameron,Unknown,High,No
330,Vanya on 42nd Street (1994),Romance,4.3,862,New,Medium,High,Quentin Tarantino,Denzel Washington,High,Yes
331,Underneath (1995),Romance,3.8,758,Old,Medium,Medium,James Cameron,Leonardo DiCaprio,Low,Yes
332,Walking Dead,Comedy,3.5,285,Old,Long,High,Steven Spielberg,Meryl Streep,Low,No
333,What's Eating Gilbert Grape (1993),Romance,3,190,Old,Long,High,Unknown,Scarlett Johansson,Medium,No
334,Virtuosity (1995),Romance,2.1,400,Old,Long,Low,Christopher Nolan,Meryl Streep,High,No
335,While You Were Sleeping (1995),Comedy,2.3,149,Old,Medium,Medium,Unknown,Tom Hanks,High,No
336,War,Comedy,3.2,787,Old,Short,High,Unknown,Denzel Washington,High,No
337,Double Happiness (1994),Drama,4.9,819,New,Long,Low,Christopher Nolan,Unknown,Low,Yes
338,Muriel's Wedding (1994),Fantasy,2.3,914,Old,Long,Medium,Quentin Tarantino,Tom Hanks,Medium,Yes
339,Baby-Sitters Club,Romance,4.8,295,New,Short,Low,Steven Spielberg,Scarlett Johansson,Low,No
340,Ace Ventura,Horror,2.4,770,Old,Short,Low,Quentin Tarantino,Unknown,High,Yes
341,Adventures of Priscilla,Action,2.9,927,Old,Long,High,Martin Scorsese,Meryl Streep,High,No
342,Backbeat (1993),Sci-Fi,3.4,140,New,Short,High,Martin Scorsese,Leonardo DiCaprio,Low,Yes
343,Bitter Moon (1992),Comedy,2.6,809,New,Long,Medium,James Cameron,Unknown,Medium,No
344,Bullets Over Broadway (1994),Sci-Fi,3.4,941,Old,Medium,Medium,Unknown,Scarlett Johansson,Low,Yes
345,Clear and Present Danger (1994),Romance,3.4,50,Old,Medium,Medium,Quentin Tarantino,Tom Hanks,High,Yes
346,Client,Horror,3.3,363,New,Short,Low,Christopher Nolan,Unknown,High,No
347,Corrina,Action,4.1,846,New,Short,High,Quentin Tarantino,Meryl Streep,High,Yes
348,Crooklyn (1994),Romance,3,459,New,Medium,High,James Cameron,Tom Hanks,Low,No
349,Crow,Horror,2.9,298,New,Medium,Low,Steven Spielberg,Leonardo DiCaprio,Low,Yes
350,Cobb (1994),Fantasy,4.4,556,New,Short,Low,Unknown,Scarlett Johansson,Medium,Yes
351,Flintstones,Action,2.3,85,Old,Medium,Medium,Unknown,Unknown,Low,No
352,Forrest Gump (1994),Horror,4.5,289,New,Medium,High,Quentin Tarantino,Scarlett Johansson,High,No
353,Four Weddings and a Funeral (1994),Comedy,3.9,749,Old,Short,Low,James Cameron,Denzel Washington,Low,No
354,Higher Learning (1995),Romance,4,610,New,Long,Low,Martin Scorsese,Tom Hanks,Medium,No
355,I Like It Like That (1994),Horror,2.5,662,Old,Short,Medium,Christopher Nolan,Denzel Washington,Medium,No
356,I Love Trouble (1994),Horror,5,98,Old,Long,Medium,Steven Spielberg,Unknown,Medium,No
357,It Could Happen to You (1994),Romance,2.7,528,Old,Long,Medium,Quentin Tarantino,Scarlett Johansson,Medium,No
358,Jungle Book,Action,2.5,486,Old,Medium,Medium,Quentin Tarantino,Meryl Streep,Medium,Yes
359,Wonderful,Romance,2.5,543,Old,Medium,High,Christopher Nolan,Denzel Washington,High,Yes
360,Lion King,Horror,3.7,388,New,Short,High,Martin Scorsese,Meryl Streep,High,No
361,Little Buddha (1993),Sci-Fi,4.9,76,New,Short,Medium,Quentin Tarantino,Denzel Washington,High,Yes
362,Wes Craven's New Nightmare (1994),Fantasy,2.7,531,New,Medium,High,Christopher Nolan,Tom Hanks,Medium,Yes
363,Mask,Drama,3.2,899,New,Medium,High,Unknown,Tom Hanks,Low,No
364,Maverick (1994),Sci-Fi,2.6,600,New,Long,Low,Unknown,Unknown,Low,No
365,Mrs. Parker and the Vicious Circle (1994),Action,3.9,190,New,Medium,High,Christopher Nolan,Scarlett Johansson,Low,No
366,Naked Gun 33 1/3,Horror,3.3,396,New,Short,High,Steven Spielberg,Tom Hanks,Low,Yes
367,Paper,Drama,2.1,181,Old,Medium,Medium,Unknown,Denzel Washington,Low,No
368,Reality Bites (1994),Fantasy,3.8,281,Old,Medium,Medium,Christopher Nolan,Denzel Washington,Low,Yes
369,Red Rock West (1992),Action,2.6,811,New,Medium,Medium,Christopher Nolan,Meryl Streep,High,Yes
370,Richie Rich (1994),Sci-Fi,3.8,125,New,Short,Low,Unknown,Leonardo DiCaprio,High,Yes
371,Safe Passage (1994),Comedy,3.2,935,Old,Medium,Low,Christopher Nolan,Denzel Washington,Medium,Yes
372,River Wild,Romance,4.1,607,New,Long,Medium,Quentin Tarantino,Meryl Streep,High,Yes
373,Speed (1994),Action,2.6,710,Old,Long,Low,Christopher Nolan,Scarlett Johansson,High,Yes
374,Speechless (1994),Action,4.3,760,New,Short,Low,Christopher Nolan,Tom Hanks,High,No
375,Timecop (1994),Horror,4.4,138,New,Short,High,Christopher Nolan,Tom Hanks,Low,No
376,True Lies (1994),Drama,2.2,253,Old,Medium,High,Christopher Nolan,Denzel Washington,High,Yes
377,When a Man Loves a Woman (1994),Sci-Fi,2.3,778,Old,Medium,High,Martin Scorsese,Tom Hanks,Low,Yes
378,Wolf (1994),Action,4.6,541,New,Short,Medium,Quentin Tarantino,Scarlett Johansson,Low,Yes
379,Wyatt Earp (1994),Romance,2.6,22,New,Long,Medium,Christopher Nolan,Leonardo DiCaprio,High,No
380,Bad Company (1995),Action,3,65,New,Long,Medium,James Cameron,Unknown,Low,No
381,Man of No Importance,Action,3.4,899,Old,Short,Low,James Cameron,Denzel Washington,Medium,No
382,S.F.W. (1994),Horror,2.8,903,New,Short,High,James Cameron,Scarlett Johansson,Low,Yes
383,Low Down Dirty Shame,Action,4.6,32,New,Long,High,Unknown,Unknown,High,No
384,Boys Life (1995),Drama,3.6,270,New,Long,Medium,Unknown,Meryl Streep,Medium,No
385,Colonel Chabert,Horror,3.9,67,New,Long,Medium,Steven Spielberg,Leonardo DiCaprio,Low,No
386,Faster Pussycat! Kill! Kill! (1965),Comedy,3.8,503,New,Medium,Medium,Martin Scorsese,Denzel Washington,High,No
387,Jason's Lyric (1994),Fantasy,3.8,392,Old,Long,Medium,James Cameron,Tom Hanks,High,No
388,Secret Adventures of Tom Thumb,Comedy,3.8,412,Old,Long,Medium,Martin Scorsese,Denzel Washington,Medium,Yes
389,Street Fighter (1994),Fantasy,3,962,Old,Short,Medium,James Cameron,Meryl Streep,High,Yes
390,Coldblooded (1995),Sci-Fi,4.5,173,New,Long,Medium,Steven Spielberg,Tom Hanks,High,No
391,Desert Winds (1995),Sci-Fi,3.9,203,New,Long,High,Quentin Tarantino,Unknown,Medium,Yes
392,Fall Time (1995),Sci-Fi,4.4,973,New,Medium,Low,Martin Scorsese,Leonardo DiCaprio,Low,No
393,Fear,Horror,4.1,898,New,Medium,Low,Quentin Tarantino,Unknown,Medium,Yes
394,Frank and Ollie (1995),Drama,2.9,56,New,Medium,High,Steven Spielberg,Denzel Washington,Medium,No
395,Girl in the Cadillac (1995),Horror,3.8,586,Old,Short,High,Martin Scorsese,Scarlett Johansson,Medium,No
396,Homage (1995),Horror,2.3,842,Old,Short,Low,Quentin Tarantino,Meryl Streep,Low,No
397,Mirage (1995),Fantasy,2.4,955,New,Medium,Medium,Steven Spielberg,Denzel Washington,Low,Yes
398,Open Season (1996),Horror,2.4,751,Old,Medium,Low,Christopher Nolan,Unknown,Low,Yes
399,Two Crimes (Dos crímenes) (1995),Horror,2.9,778,New,Long,High,Martin Scorsese,Scarlett Johansson,Low,No
400,Brother Minister,Action,2.5,691,New,Long,Low,Quentin Tarantino,Denzel Washington,Low,No
401,Highlander III,Sci-Fi,4.1,449,New,Long,Medium,Steven Spielberg,Meryl Streep,Medium,Yes
402,Federal Hill (1994),Sci-Fi,3.5,249,Old,Medium,High,Christopher Nolan,Denzel Washington,Low,No
403,In the Mouth of Madness (1995),Fantasy,3.3,349,Old,Long,High,Martin Scorsese,Tom Hanks,Medium,Yes
404,8 Seconds (1994),Romance,2.4,274,Old,Long,Low,Christopher Nolan,Tom Hanks,Medium,Yes
405,Above the Rim (1994),Comedy,3.2,446,New,Medium,High,James Cameron,Scarlett Johansson,Low,No
406,Addams Family Values (1993),Sci-Fi,2.6,957,New,Long,Low,Martin Scorsese,Unknown,High,No
407,You So Crazy (1994),Fantasy,3.9,757,Old,Medium,Low,Steven Spielberg,Tom Hanks,High,Yes
408,Age of Innocence,Drama,4.1,347,Old,Short,High,Steven Spielberg,Leonardo DiCaprio,Low,Yes
409,Airheads (1994),Action,3.9,297,Old,Short,High,Martin Scorsese,Leonardo DiCaprio,Low,Yes
410,Air Up There,Comedy,5,865,Old,Long,Low,James Cameron,Denzel Washington,Low,No
411,Another Stakeout (1993),Romance,3.7,99,Old,Short,High,Martin Scorsese,Unknown,Low,Yes
412,Bad Girls (1994),Horror,3.5,605,Old,Short,High,Quentin Tarantino,Leonardo DiCaprio,Medium,No
413,Barcelona (1994),Romance,2.4,401,Old,Medium,Medium,Steven Spielberg,Leonardo DiCaprio,High,Yes
414,Being Human (1993),Comedy,2.9,142,Old,Medium,High,Unknown,Meryl Streep,Medium,No
415,Beverly Hillbillies,Sci-Fi,3.4,534,New,Long,Low,Christopher Nolan,Meryl Streep,High,Yes
416,Beverly Hills Cop III (1994),Comedy,2.2,709,Old,Medium,Low,Steven Spielberg,Leonardo DiCaprio,Medium,No
417,Black Beauty (1994),Fantasy,3.1,943,New,Long,High,James Cameron,Meryl Streep,Medium,No
418,Blink (1994),Action,2,73,Old,Long,Medium,Unknown,Leonardo DiCaprio,Low,No
419,Blown Away (1994),Fantasy,2.4,203,New,Medium,High,Martin Scorsese,Scarlett Johansson,Medium,No
420,Blue Chips (1994),Action,4.4,248,New,Long,High,Steven Spielberg,Meryl Streep,Medium,No
421,Blue Sky (1994),Drama,4.9,843,New,Short,Medium,Quentin Tarantino,Leonardo DiCaprio,Low,No
422,Body Snatchers (1993),Horror,3.5,548,New,Short,High,Unknown,Leonardo DiCaprio,High,No
423,Boxing Helena (1993),Sci-Fi,3.5,67,Old,Short,Low,James Cameron,Denzel Washington,High,No
424,Bronx Tale,Sci-Fi,4.1,996,Old,Medium,Medium,James Cameron,Unknown,Medium,Yes
425,Cabin Boy (1994),Romance,3.2,430,Old,Short,Medium,Unknown,Scarlett Johansson,High,Yes
426,Calendar Girl (1993),Horror,4.5,90,New,Long,Low,Christopher Nolan,Unknown,Medium,No
427,Carlito's Way (1993),Romance,3.5,918,New,Long,High,Steven Spielberg,Scarlett Johansson,Medium,No
428,City Slickers II,Horror,2.2,496,New,Long,High,Martin Scorsese,Denzel Washington,High,Yes
429,Clean Slate (1994),Fantasy,2.1,906,Old,Medium,Medium,James Cameron,Denzel Washington,High,No
430,Cliffhanger (1993),Comedy,4.3,309,New,Short,Low,Quentin Tarantino,Unknown,High,Yes
431,Coneheads (1993),Comedy,2.9,812,New,Medium,Medium,Quentin Tarantino,Denzel Washington,High,Yes
432,Color of Night (1994),Horror,2.8,885,New,Long,High,Martin Scorsese,Tom Hanks,High,No
433,Cops and Robbersons (1994),Drama,3.6,338,Old,Short,High,Quentin Tarantino,Leonardo DiCaprio,High,Yes
434,Cowboy Way,Comedy,2.5,355,New,Short,Low,Christopher Nolan,Tom Hanks,High,No
435,Dangerous Game (1993),Drama,3.4,108,Old,Short,Medium,Martin Scorsese,Meryl Streep,High,No
436,Dave (1993),Comedy,4.2,586,New,Medium,Medium,Quentin Tarantino,Denzel Washington,Low,Yes
437,Dazed and Confused (1993),Sci-Fi,4.3,487,Old,Short,High,Christopher Nolan,Unknown,High,Yes
438,Demolition Man (1993),Fantasy,3.6,28,New,Medium,Low,Quentin Tarantino,Leonardo DiCaprio,Low,Yes
439,Endless Summer 2,Action,2.3,397,Old,Short,High,Steven Spielberg,Leonardo DiCaprio,Medium,No
440,Even Cowgirls Get the Blues (1993),Action,2.3,225,Old,Long,Low,Martin Scorsese,Meryl Streep,Medium,No
441,Fatal Instinct (1993),Fantasy,4.3,318,Old,Medium,High,Quentin Tarantino,Unknown,Low,Yes
442,Farewell My Concubine (Ba wang bie ji) (1993),Sci-Fi,4.5,597,Old,Short,High,Quentin Tarantino,Scarlett Johansson,Low,No
443,Favor,Horror,3.1,823,Old,Medium,Low,Christopher Nolan,Leonardo DiCaprio,High,No
444,Fearless (1993),Romance,4.5,331,Old,Short,High,Steven Spielberg,Scarlett Johansson,High,No
445,Fear of a Black Hat (1994),Fantasy,2.1,777,New,Long,Low,Steven Spielberg,Unknown,Medium,Yes
446,With Honors (1994),Action,4.2,657,New,Long,Medium,Christopher Nolan,Leonardo DiCaprio,High,Yes
447,Flesh and Bone (1993),Comedy,3.6,268,Old,Long,Low,Steven Spielberg,Tom Hanks,Low,Yes
448,Widows' Peak (1994),Comedy,5,495,Old,Short,Low,Unknown,Denzel Washington,High,Yes
449,For Love or Money (1993),Action,2.3,397,New,Medium,High,Quentin Tarantino,Unknown,Medium,No
450,Firm,Action,4.5,625,Old,Medium,High,Quentin Tarantino,Scarlett Johansson,High,No
451,Free Willy (1993),Romance,4.3,525,Old,Long,High,Steven Spielberg,Tom Hanks,High,Yes
452,Fresh (1994),Action,2.9,811,Old,Long,Low,Quentin Tarantino,Unknown,Low,No
453,Fugitive,Horror,5,814,Old,Long,High,Steven Spielberg,Leonardo DiCaprio,Low,Yes
454,Geronimo,Romance,3.3,220,New,Short,High,Christopher Nolan,Denzel Washington,Medium,No
455,Getaway,Sci-Fi,3,770,New,Medium,Medium,Martin Scorsese,Tom Hanks,Medium,Yes
456,Getting Even with Dad (1994),Sci-Fi,4.5,942,New,Short,Medium,Christopher Nolan,Denzel Washington,Medium,Yes
457,Go Fish (1994),Fantasy,3.3,579,New,Long,Low,Martin Scorsese,Leonardo DiCaprio,Medium,No
458,Good Man in Africa,Action,5,798,New,Long,Low,Unknown,Unknown,Medium,Yes
459,Guilty as Sin (1993),Comedy,4.3,835,New,Short,Medium,Christopher Nolan,Leonardo DiCaprio,Medium,Yes
460,Hard Target (1993),Sci-Fi,2.7,271,New,Long,Low,James Cameron,Tom Hanks,Low,Yes
461,Heaven & Earth (1993),Action,4.4,174,New,Medium,Low,Unknown,Leonardo DiCaprio,Medium,No
462,Hot Shots! Part Deux (1993),Horror,3.8,26,Old,Long,Medium,Quentin Tarantino,Meryl Streep,Medium,No
463,Live Nude Girls (1995),Horror,3.1,974,New,Medium,Medium,Christopher Nolan,Denzel Washington,High,No
464,Englishman Who Went Up a Hill But Came Down a Mountain,Comedy,4.1,439,New,Long,Low,Martin Scorsese,Leonardo DiCaprio,Low,Yes
465,House of the Spirits,Romance,3.9,44,New,Short,Low,Steven Spielberg,Leonardo DiCaprio,High,No
466,House Party 3 (1994),Comedy,2.5,258,Old,Long,High,Steven Spielberg,Unknown,High,Yes
467,Hudsucker Proxy,Fantasy,2.4,574,Old,Long,Low,Christopher Nolan,Meryl Streep,Low,Yes
468,I'll Do Anything (1994),Fantasy,2.6,374,New,Short,High,Christopher Nolan,Denzel Washington,Medium,No
469,In the Army Now (1994),Fantasy,2.6,671,New,Long,Medium,Unknown,Scarlett Johansson,High,Yes
470,In the Line of Fire (1993),Action,2.2,879,New,Short,Medium,Christopher Nolan,Meryl Streep,Medium,No
471,In the Name of the Father (1993),Comedy,3.1,730,Old,Short,Medium,Steven Spielberg,Meryl Streep,Low,Yes
472,Inkwell,Romance,2.8,918,New,Medium,Medium,James Cameron,Denzel Washington,High,Yes
473,What's Love Got to Do with It? (1993),Drama,3.6,29,Old,Long,Low,Christopher Nolan,Unknown,High,Yes
474,Jimmy Hollywood (1994),Comedy,3,993,New,Long,Low,Steven Spielberg,Meryl Streep,Low,No
475,Judgment Night (1993),Fantasy,4.1,363,New,Long,High,Steven Spielberg,Denzel Washington,Low,No
476,Jurassic Park (1993),Sci-Fi,2.9,21,New,Medium,Medium,Christopher Nolan,Unknown,High,No
477,Kalifornia (1993),Romance,2.8,797,New,Long,Low,Unknown,Meryl Streep,High,No
478,Killing Zoe (1994),Drama,4.6,693,New,Medium,High,Martin Scorsese,Denzel Washington,High,No
479,King of the Hill (1993),Romance,5,405,New,Medium,High,Martin Scorsese,Unknown,Low,Yes
480,Lassie (1994),Romance,4,889,Old,Long,High,Unknown,Denzel Washington,Medium,No
481,Last Action Hero (1993),Fantasy,2.3,775,Old,Long,Medium,Quentin Tarantino,Scarlett Johansson,Medium,No
482,Life with Mikey (1993),Sci-Fi,4.9,764,Old,Short,High,Steven Spielberg,Unknown,Medium,No
483,Lightning Jack (1994),Fantasy,4.4,334,Old,Medium,Medium,Quentin Tarantino,Leonardo DiCaprio,Medium,No
484,M. Butterfly (1993),Drama,4.8,126,New,Medium,High,Quentin Tarantino,Unknown,Low,Yes
485,Made in America (1993),Comedy,5,230,New,Medium,High,Martin Scorsese,Denzel Washington,Low,No
486,Malice (1993),Drama,4.6,562,Old,Medium,High,Martin Scorsese,Tom Hanks,Medium,Yes
487,Man Without a Face,Comedy,2.4,263,Old,Medium,Low,James Cameron,Unknown,High,No
488,Manhattan Murder Mystery (1993),Sci-Fi,4.6,449,New,Short,Medium,Steven Spielberg,Scarlett Johansson,High,No
489,Menace II Society (1993),Romance,2.7,523,New,Short,High,James Cameron,Unknown,Low,No
490,Executive Decision (1996),Comedy,4.1,81,New,Medium,Medium,Unknown,Unknown,Medium,No
491,In the Realm of the Senses (Ai no corrida) (1976),Horror,4.5,165,New,Long,Medium,Christopher Nolan,Scarlett Johansson,Low,Yes
492,What Happened Was... (1994),Drama,4.3,748,New,Long,High,James Cameron,Leonardo DiCaprio,Medium,Yes
493,Much Ado About Nothing (1993),Drama,4,306,New,Long,High,Christopher Nolan,Meryl Streep,Medium,No
494,Mr. Jones (1993),Action,3.5,115,Old,Long,Low,Quentin Tarantino,Meryl Streep,High,No
495,Mr. Wonderful (1993),Romance,3.7,64,Old,Medium,High,Steven Spielberg,Denzel Washington,High,No
496,Mrs. Doubtfire (1993),Romance,2.8,963,New,Long,Medium,Unknown,Scarlett Johansson,High,No
497,Naked (1993),Sci-Fi,3.2,257,Old,Long,Medium,James Cameron,Denzel Washington,Low,No
498,Next Karate Kid,Comedy,3.4,938,New,Medium,Low,Steven Spielberg,Tom Hanks,High,No
499,New Age,Sci-Fi,3.9,885,New,Long,High,Unknown,Unknown,High,Yes
500,The Dark Knight,Sci-Fi,4.6,552,New,Long,Medium,Quentin Tarantino,Meryl Streep,Low,No